id_img,label
10004,angry
10019,happy
10023,happy
10029,fear
1003,sad
10031,sad
10033,neutral
10043,happy
10044,fear
10048,neutral
10052,angry
10053,disgust
10056,surprise
10065,fear
10068,neutral
10073,neutral
10074,happy
10079,angry
1008,fear
10095,neutral
10096,happy
10097,neutral
10099,neutral
101,neutral
10106,happy
10114,fear
10116,fear
10117,happy
10118,neutral
10121,angry
10126,happy
10134,neutral
10138,happy
10141,surprise
10148,angry
10150,happy
10162,surprise
10163,sad
10171,neutral
10172,sad
10176,sad
10185,surprise
10189,fear
1020,happy
10215,angry
10218,happy
1022,sad
10237,happy
1024,happy
10246,surprise
10247,neutral
10248,happy
10252,sad
10257,happy
10259,surprise
1026,sad
10263,neutral
10266,neutral
10267,fear
10268,surprise
1027,happy
10273,neutral
10276,happy
10278,fear
10286,angry
10292,angry
10306,surprise
10312,happy
10315,angry
10317,happy
1033,surprise
10336,happy
10338,neutral
10339,sad
10344,happy
10346,neutral
10352,sad
10355,fear
10362,happy
10365,surprise
10367,happy
10370,happy
10371,angry
10372,surprise
10375,happy
10382,happy
10383,fear
10386,sad
10399,neutral
10406,neutral
10409,happy
10415,neutral
10423,angry
10425,neutral
10426,angry
10432,happy
10435,disgust
10437,sad
10443,sad
10444,surprise
10445,sad
1045,happy
10455,sad
10456,surprise
10458,neutral
10467,happy
10468,neutral
10480,happy
10489,fear
10493,surprise
10512,neutral
10518,neutral
10528,happy
10532,angry
10533,neutral
10534,surprise
10535,angry
10540,happy
10545,surprise
10549,neutral
10551,sad
10552,happy
10554,angry
1056,neutral
10561,sad
10571,neutral
1058,happy
10583,neutral
10607,neutral
10620,sad
10622,happy
10624,neutral
10625,fear
10634,sad
10638,happy
10640,happy
10644,happy
10647,sad
10653,neutral
10655,neutral
10676,neutral
10683,happy
10686,sad
10693,neutral
10694,fear
10699,angry
10701,surprise
10702,sad
10703,happy
1071,angry
10713,neutral
10715,angry
10734,surprise
1074,happy
10741,neutral
10743,angry
10746,neutral
1075,sad
10755,neutral
10758,sad
10768,surprise
10769,sad
10770,neutral
10773,happy
10774,neutral
1078,sad
10787,neutral
1079,sad
10792,happy
10797,happy
10800,surprise
1081,happy
10811,happy
10813,fear
10818,neutral
10820,surprise
10823,neutral
10825,neutral
10832,neutral
10837,fear
10839,angry
10841,happy
10854,angry
10866,surprise
10871,neutral
10879,happy
10881,neutral
10902,neutral
10903,happy
10906,sad
10909,surprise
10916,neutral
10919,sad
10926,neutral
1093,neutral
10931,surprise
10933,fear
10935,happy
1094,neutral
10944,happy
10950,surprise
10956,happy
10968,neutral
10970,neutral
10979,fear
10992,happy
11000,fear
11002,sad
1101,sad
11017,sad
11019,happy
11022,neutral
11024,angry
11025,neutral
11026,sad
11028,sad
11030,fear
11031,sad
11032,surprise
11034,sad
11036,angry
11038,sad
11039,neutral
11043,surprise
11054,neutral
11055,neutral
11057,neutral
1106,happy
11065,sad
1107,neutral
11075,angry
11093,angry
11096,fear
11098,neutral
11100,sad
11104,angry
11108,neutral
1111,happy
11112,fear
11126,fear
11130,sad
11137,surprise
11138,neutral
11139,fear
11140,sad
11143,sad
11146,happy
1115,angry
11150,happy
11158,angry
1116,fear
11163,sad
11168,neutral
11169,angry
1118,surprise
11180,neutral
11186,angry
11188,happy
11192,sad
112,neutral
11200,neutral
11208,happy
11209,sad
1121,happy
11213,neutral
11218,angry
11222,angry
11233,neutral
11234,sad
11236,happy
1124,angry
11241,neutral
11251,angry
1126,neutral
11264,angry
11266,fear
11269,sad
1127,happy
11277,sad
11278,sad
1128,fear
11280,sad
11284,sad
11295,happy
1130,angry
11302,surprise
11316,neutral
11317,neutral
1133,fear
11337,angry
11342,neutral
11345,happy
11346,sad
11349,happy
11353,fear
11358,surprise
11360,fear
1137,neutral
11381,happy
11390,fear
11392,happy
11395,happy
11398,neutral
11400,neutral
1141,happy
11412,fear
11414,fear
11416,sad
11418,surprise
1142,neutral
11421,angry
11429,sad
11448,happy
11451,surprise
11462,neutral
11466,surprise
11467,angry
11471,angry
1148,sad
11491,neutral
115,fear
11500,happy
11508,neutral
11516,happy
11518,neutral
1152,happy
11523,neutral
11529,disgust
11530,happy
11536,surprise
1154,sad
11549,happy
11552,happy
11558,happy
11559,surprise
1156,surprise
11560,sad
11561,neutral
11573,surprise
11575,happy
11581,sad
11582,sad
11587,sad
11588,neutral
11589,surprise
1159,happy
11594,happy
11601,sad
11603,neutral
11604,happy
11610,angry
11613,angry
11614,happy
11626,sad
11632,angry
11637,happy
11639,disgust
11640,happy
11642,neutral
11646,happy
11653,fear
11654,neutral
11658,happy
11660,neutral
11662,neutral
11670,surprise
11675,sad
11682,fear
11686,neutral
11687,neutral
11689,neutral
1169,neutral
11694,angry
11704,fear
11706,neutral
11717,happy
11721,surprise
11722,neutral
11725,angry
11727,sad
11729,sad
1173,happy
11733,happy
11738,sad
11746,sad
11747,neutral
11754,angry
1176,surprise
11763,happy
11766,happy
1177,fear
11772,happy
11774,sad
11783,neutral
11785,happy
11786,surprise
11790,sad
11793,neutral
11794,sad
11808,happy
11813,angry
11814,happy
11816,disgust
11818,neutral
11819,happy
11823,neutral
11834,neutral
11835,fear
11836,sad
11841,angry
11842,happy
11848,surprise
11849,angry
11850,happy
11855,angry
11865,angry
11867,neutral
11872,neutral
11875,sad
11876,sad
11880,neutral
11883,angry
11885,neutral
11889,neutral
1189,neutral
11891,sad
11902,surprise
11904,fear
11909,angry
11913,neutral
11927,happy
11928,neutral
1193,surprise
11944,surprise
11949,angry
11964,sad
11966,sad
11968,angry
11977,neutral
11978,sad
1198,neutral
11986,angry
11999,sad
12011,happy
1202,happy
12024,happy
12040,sad
12042,neutral
1206,neutral
12063,angry
12074,sad
12086,angry
12090,neutral
12092,angry
12096,neutral
12098,happy
12100,neutral
12106,neutral
12107,surprise
12113,neutral
12116,sad
12117,neutral
12119,sad
12120,happy
12125,sad
12129,happy
12131,surprise
12134,surprise
12136,neutral
12141,happy
12144,neutral
1215,neutral
12162,sad
12171,sad
12173,neutral
12183,angry
12190,sad
12191,happy
1220,neutral
12202,sad
12215,neutral
1222,happy
12230,angry
12237,neutral
12239,happy
12246,neutral
12255,fear
12257,happy
12259,happy
12267,sad
1227,neutral
12272,neutral
12284,neutral
12289,happy
12307,sad
12312,surprise
12313,fear
12318,fear
12319,neutral
12320,happy
12321,happy
12329,happy
12334,angry
12338,surprise
12349,happy
1235,angry
12350,surprise
12352,surprise
12359,happy
12361,neutral
12363,neutral
12364,neutral
12366,fear
12376,happy
12379,happy
12381,happy
12383,happy
1239,surprise
12407,sad
12410,happy
12417,disgust
12423,neutral
12431,neutral
12440,neutral
1246,happy
12463,surprise
12470,surprise
12472,neutral
1248,sad
12487,happy
12489,sad
1249,surprise
12492,sad
12496,fear
12497,fear
12498,happy
12500,sad
12504,surprise
12508,neutral
12512,sad
12519,sad
12524,sad
12527,fear
12529,fear
12547,sad
12551,fear
12557,happy
12560,happy
12567,happy
12569,neutral
12578,surprise
12581,happy
12591,sad
12592,fear
12594,sad
12600,happy
12611,happy
12621,neutral
12626,surprise
12634,angry
1264,neutral
12647,surprise
12648,angry
12659,neutral
12661,sad
12672,happy
12674,neutral
12676,angry
12680,fear
12684,sad
12695,neutral
12698,surprise
12702,surprise
12705,neutral
12712,angry
12723,surprise
12725,happy
12729,happy
12733,angry
12737,surprise
12748,surprise
12753,disgust
12758,fear
12768,surprise
12772,happy
12776,happy
12789,neutral
12791,sad
12801,neutral
12808,angry
12809,sad
12810,angry
12818,neutral
12827,angry
12841,disgust
12842,neutral
12851,angry
12852,neutral
12861,happy
12869,neutral
12879,neutral
12885,happy
12891,sad
12899,sad
12903,surprise
12904,happy
12924,happy
12928,sad
12933,neutral
12936,neutral
12945,angry
12948,surprise
12951,happy
12956,happy
12957,happy
12958,neutral
12960,fear
12973,happy
12976,neutral
1298,neutral
12986,fear
12988,sad
1300,neutral
13000,sad
13009,neutral
13027,sad
13029,angry
13037,neutral
13041,angry
13047,angry
13051,neutral
13057,surprise
13059,angry
13067,neutral
13071,neutral
13073,happy
13080,surprise
1309,happy
13091,fear
13092,neutral
131,fear
13101,surprise
13105,happy
13108,sad
13114,sad
13118,angry
13121,happy
13127,neutral
1313,neutral
13139,happy
13145,fear
13150,sad
13151,happy
13152,fear
1316,happy
13161,neutral
13162,sad
13164,neutral
13167,neutral
13169,sad
13179,fear
13180,sad
13187,sad
13188,neutral
13203,happy
13204,happy
13205,surprise
13212,neutral
13220,neutral
13228,happy
13230,fear
13233,sad
13237,neutral
13242,neutral
1325,neutral
13250,angry
13252,neutral
13267,angry
13279,angry
1328,neutral
13283,happy
13288,surprise
13293,sad
13296,sad
13301,angry
13306,fear
13308,fear
13310,angry
13317,neutral
13322,happy
13334,neutral
13337,neutral
13339,sad
1334,happy
13348,happy
13351,sad
13353,happy
1336,neutral
13362,sad
13363,happy
13366,fear
13372,angry
13376,neutral
13380,sad
13385,happy
1339,neutral
13394,sad
13395,neutral
1340,angry
13405,sad
13409,neutral
1341,happy
13411,neutral
13421,neutral
13424,neutral
13427,happy
13428,happy
1343,angry
13430,neutral
13431,neutral
13433,sad
13441,sad
13449,happy
13456,happy
13460,surprise
13467,neutral
13476,happy
13482,fear
13483,sad
13486,sad
13488,sad
13498,neutral
135,angry
1350,neutral
13502,happy
13505,happy
13510,sad
13514,sad
13518,fear
13521,surprise
13526,happy
13528,happy
1353,sad
13531,sad
13533,angry
13535,angry
13549,surprise
13561,surprise
13562,sad
13570,happy
13575,sad
1358,angry
13582,fear
13584,happy
13585,angry
13586,sad
13587,fear
13590,happy
13593,sad
13596,happy
13597,angry
13598,angry
13599,sad
13603,sad
13607,angry
13615,happy
13618,happy
13619,sad
13622,surprise
13631,neutral
13633,neutral
13638,angry
1364,neutral
13644,neutral
13652,disgust
13653,sad
13655,happy
13664,surprise
13666,sad
1367,fear
13670,neutral
13671,neutral
13672,angry
13683,neutral
13684,surprise
13692,sad
13694,fear
13695,neutral
13703,happy
13706,happy
13714,sad
13715,happy
13726,sad
13738,angry
13740,surprise
13757,happy
13758,neutral
1376,surprise
13761,neutral
13792,happy
13793,sad
13798,fear
13800,neutral
13801,fear
13802,happy
13808,neutral
1381,happy
13812,sad
13825,surprise
13833,happy
13834,neutral
13837,surprise
13843,neutral
13847,angry
13848,happy
13852,sad
13855,fear
1386,surprise
13870,neutral
13874,happy
13876,surprise
13877,happy
13888,sad
1389,sad
13890,angry
13897,neutral
13899,neutral
139,happy
13907,happy
13909,angry
13911,happy
13912,surprise
13913,angry
13921,sad
13925,happy
13928,neutral
13933,fear
13939,fear
13940,sad
1395,fear
13955,happy
13965,neutral
13968,happy
13969,happy
13971,fear
13978,angry
13979,sad
13983,sad
13991,happy
1401,neutral
14011,fear
14022,angry
14030,angry
14033,sad
14037,neutral
14041,neutral
14044,sad
14047,neutral
14048,sad
14057,angry
14058,neutral
14063,angry
1407,neutral
14070,neutral
14080,surprise
14082,sad
14091,fear
14092,happy
141,happy
1410,surprise
14106,neutral
14108,angry
1411,neutral
14113,neutral
14114,angry
14115,surprise
14117,angry
14118,happy
14120,sad
14122,surprise
14127,angry
14135,sad
14136,sad
14139,happy
14148,sad
14152,happy
14154,neutral
14155,happy
14169,happy
14170,neutral
14174,neutral
14175,angry
14185,sad
14187,neutral
14190,neutral
1420,sad
14206,angry
14208,sad
1422,fear
14224,angry
14226,sad
14236,happy
14243,neutral
14250,neutral
14268,fear
14278,happy
14282,happy
1429,fear
14292,happy
14305,surprise
14306,sad
14310,happy
14314,happy
14315,angry
14327,happy
14329,angry
14331,surprise
14342,neutral
14346,sad
14348,happy
14352,neutral
14357,angry
14360,happy
14362,angry
14371,happy
14375,surprise
14376,neutral
14378,happy
1438,neutral
14381,sad
14384,sad
14388,neutral
14406,neutral
1441,sad
14419,happy
14421,angry
14427,happy
14436,neutral
14438,angry
14444,neutral
14448,happy
14452,sad
14459,fear
14464,angry
14472,sad
14473,happy
14474,happy
14475,happy
14481,neutral
14484,neutral
14487,neutral
1449,surprise
14494,sad
14495,neutral
14496,neutral
14498,sad
14505,sad
14509,fear
14513,sad
14516,happy
14517,angry
14518,neutral
14522,neutral
14524,sad
14529,angry
14542,neutral
14546,happy
14550,angry
14551,neutral
14557,neutral
14561,sad
14564,sad
1457,surprise
14572,angry
14574,sad
14578,sad
14586,neutral
14593,happy
1460,sad
14605,neutral
14611,surprise
14620,angry
14637,fear
14641,neutral
14645,happy
14647,surprise
1465,happy
14671,neutral
14682,sad
14691,surprise
14696,fear
14697,surprise
14700,happy
14703,neutral
14706,neutral
14717,neutral
14722,fear
14729,neutral
14730,happy
1474,fear
14741,neutral
14744,fear
14747,neutral
14757,happy
14759,sad
1477,neutral
14775,neutral
14786,fear
14789,fear
14792,happy
14798,surprise
148,angry
1482,neutral
14821,angry
14831,angry
14835,sad
14836,angry
1485,fear
14859,neutral
14867,neutral
14869,angry
14870,angry
14877,happy
14891,angry
1491,happy
14914,fear
14927,happy
14929,neutral
1493,neutral
14945,neutral
14954,angry
14957,neutral
14958,angry
14965,happy
14968,surprise
14973,angry
14980,neutral
14987,angry
15001,fear
15007,neutral
15008,fear
15012,angry
15013,neutral
15034,surprise
15037,happy
15039,happy
15040,fear
15044,neutral
15047,surprise
15052,fear
1506,neutral
15060,happy
15070,neutral
15074,angry
15077,happy
15078,neutral
1508,neutral
15088,fear
15090,sad
15099,happy
15101,fear
15102,neutral
15106,neutral
15110,disgust
1512,happy
15120,neutral
15121,neutral
15129,sad
15132,neutral
15134,fear
15138,angry
15145,neutral
15147,happy
1515,fear
15167,fear
15168,neutral
15169,sad
15172,angry
15179,surprise
15181,happy
15190,angry
15191,sad
15192,angry
15193,neutral
15194,angry
15198,fear
15207,neutral
15208,happy
15210,neutral
15212,happy
15216,angry
15217,neutral
15220,neutral
15221,happy
15222,neutral
15229,happy
15238,surprise
15244,surprise
15248,neutral
15257,neutral
15260,fear
15263,surprise
15268,fear
15269,neutral
15271,happy
15279,fear
15280,neutral
15289,neutral
15292,happy
15293,neutral
15294,sad
15295,neutral
15310,happy
15323,happy
15331,happy
15333,angry
15334,neutral
15335,happy
1534,sad
15350,neutral
15354,surprise
1536,happy
15365,sad
15366,neutral
15373,sad
15378,surprise
1538,happy
15383,surprise
15387,neutral
15397,happy
15400,happy
15405,sad
15409,happy
15416,surprise
15426,happy
15432,happy
15436,sad
15438,happy
15441,neutral
15443,happy
15445,neutral
15447,neutral
15454,surprise
15455,happy
15459,sad
15462,fear
15467,surprise
15468,neutral
15474,angry
15484,sad
15486,surprise
15487,fear
1549,neutral
15494,happy
15500,sad
15502,neutral
15503,fear
15518,happy
15520,happy
15523,happy
15524,surprise
15527,surprise
15529,sad
15533,surprise
15534,neutral
15535,sad
15536,fear
15539,neutral
15544,fear
1555,angry
15562,angry
15565,neutral
15568,neutral
15570,neutral
15578,fear
15580,neutral
15589,happy
15592,happy
1560,neutral
15611,angry
15613,sad
15615,surprise
15616,happy
15621,happy
15622,angry
15628,surprise
15634,neutral
15635,happy
15637,angry
15638,fear
15642,fear
15644,neutral
15651,angry
15654,angry
15657,sad
15663,sad
15668,fear
15677,happy
15678,fear
15686,neutral
15696,neutral
15697,sad
15699,fear
157,angry
15708,happy
15709,angry
15712,angry
15713,neutral
15715,fear
15716,sad
15717,neutral
1572,surprise
15721,neutral
15725,angry
1575,angry
15758,happy
1576,neutral
15767,happy
15771,sad
15778,angry
15788,neutral
15791,surprise
15795,neutral
15802,surprise
1582,happy
15820,sad
15821,neutral
15824,sad
1583,angry
15835,sad
1584,sad
15843,happy
15847,neutral
15848,angry
15854,happy
15859,sad
15867,sad
15870,fear
15881,fear
15885,sad
15890,neutral
15897,neutral
15904,sad
15909,angry
15910,happy
15919,angry
15921,angry
15922,surprise
15929,sad
15932,sad
15941,angry
15944,surprise
15950,angry
15954,sad
15963,neutral
15966,happy
15976,happy
15979,sad
15983,neutral
15984,fear
1599,sad
15999,sad
16003,neutral
16010,angry
16019,fear
16021,disgust
16033,sad
16037,angry
16039,fear
16042,happy
16053,happy
16054,angry
16056,happy
1606,sad
16064,neutral
16071,fear
16075,sad
16076,happy
16081,happy
16087,sad
16094,neutral
16101,neutral
16102,sad
16106,angry
16108,happy
16110,angry
16113,neutral
16120,happy
16121,disgust
16125,sad
16133,surprise
16134,fear
16141,happy
16143,happy
16151,neutral
16169,angry
16172,surprise
16192,happy
16196,neutral
16198,happy
16208,sad
16222,sad
16226,sad
16229,surprise
16233,sad
16237,surprise
16238,happy
16257,neutral
16264,angry
16275,happy
16277,fear
1628,happy
16280,surprise
16287,happy
16292,angry
16304,neutral
16308,happy
16318,fear
16324,neutral
16329,neutral
16330,happy
16338,neutral
16346,fear
16350,neutral
16363,neutral
16370,happy
16374,surprise
16375,happy
16380,angry
16387,sad
16388,angry
16389,neutral
16395,sad
16396,surprise
1640,happy
16405,sad
16406,angry
16407,happy
16410,angry
16413,fear
16415,sad
16419,neutral
16423,happy
16428,neutral
16429,sad
16440,surprise
16441,fear
16443,angry
16444,happy
1645,sad
16450,angry
16460,happy
16463,sad
16464,neutral
16475,fear
16476,neutral
16478,neutral
16486,fear
16489,fear
16501,fear
16503,sad
16506,fear
16507,surprise
16508,neutral
16510,angry
16511,neutral
16523,sad
16530,fear
16535,sad
16539,sad
1654,happy
16550,happy
16557,sad
16558,sad
16559,sad
1656,neutral
16562,happy
16565,neutral
16569,happy
1657,fear
16570,sad
16575,happy
16583,happy
16588,happy
16596,happy
1660,fear
16604,happy
16609,sad
16611,happy
16619,happy
16632,angry
16633,happy
16643,sad
16645,angry
16646,fear
16649,happy
16659,angry
16666,fear
16667,happy
16674,fear
16681,sad
16685,neutral
1669,neutral
16696,neutral
16699,happy
167,happy
1670,neutral
16700,happy
16706,sad
16710,sad
16711,happy
16712,happy
16714,neutral
16718,disgust
1672,angry
16721,surprise
16734,happy
16738,happy
1675,neutral
16751,happy
16752,angry
16756,surprise
16759,neutral
16764,fear
16768,angry
16770,happy
16774,happy
16775,fear
16776,angry
1678,happy
16783,neutral
16787,neutral
16788,fear
16792,angry
16795,happy
16798,sad
16799,happy
16802,fear
16809,happy
16811,neutral
16817,neutral
16818,happy
16821,sad
16823,neutral
16829,surprise
1683,neutral
16830,fear
16837,neutral
16839,sad
16845,neutral
1685,neutral
16860,neutral
16863,neutral
16875,fear
1688,angry
16886,fear
16890,neutral
16895,sad
16901,surprise
16915,sad
16930,fear
16938,sad
16947,surprise
16952,happy
16954,neutral
16959,surprise
16962,neutral
16964,happy
16967,happy
16969,angry
16971,happy
16977,happy
16980,surprise
16985,happy
16989,angry
1699,happy
16990,sad
16995,surprise
16999,angry
17002,surprise
17003,angry
17007,happy
17010,neutral
17011,sad
17015,neutral
17016,fear
17018,neutral
17019,neutral
17021,neutral
17022,happy
17024,angry
17027,surprise
17028,neutral
17032,happy
1704,sad
17041,happy
17044,fear
17053,neutral
1707,happy
17085,neutral
17098,happy
17099,angry
1710,surprise
17100,neutral
17104,happy
17105,sad
17107,fear
17114,fear
17117,happy
17128,sad
17131,neutral
17137,fear
17148,surprise
17157,sad
1716,neutral
17161,surprise
17163,neutral
17167,angry
1717,angry
17170,neutral
17177,surprise
17180,fear
17186,angry
17188,happy
17191,fear
17194,happy
172,sad
17205,surprise
17206,angry
17207,happy
17209,angry
17211,happy
17212,neutral
17213,neutral
17215,angry
17217,fear
1722,happy
17220,happy
17228,neutral
17231,neutral
17236,fear
17237,sad
17245,surprise
17248,happy
17251,happy
17257,sad
17259,neutral
17260,angry
17267,fear
1727,angry
17273,neutral
17275,happy
17276,neutral
17279,sad
17290,fear
17293,sad
17295,neutral
17297,neutral
17309,surprise
17314,fear
17316,angry
17318,neutral
17319,happy
17331,neutral
17334,neutral
17341,neutral
17344,angry
17345,sad
1735,surprise
17350,fear
17359,neutral
1736,angry
17363,sad
17367,neutral
17369,neutral
1737,neutral
17371,angry
1738,sad
17381,happy
17397,happy
17402,happy
17413,angry
17417,happy
17422,neutral
17424,neutral
17426,neutral
17428,sad
17429,neutral
17432,neutral
17433,surprise
17445,sad
17447,happy
17449,sad
17452,neutral
17462,neutral
17470,surprise
17479,angry
17484,happy
17485,happy
17494,happy
17498,happy
1750,fear
17502,angry
17503,sad
17506,happy
1751,neutral
17518,sad
17524,happy
17536,angry
17538,neutral
17541,happy
17543,happy
17550,sad
17552,happy
17555,happy
17558,sad
1756,fear
17563,neutral
17582,angry
17587,fear
1759,neutral
17597,sad
17598,neutral
176,surprise
17607,neutral
17609,happy
17610,surprise
17624,happy
17625,fear
17631,angry
1764,surprise
17647,fear
17654,happy
17662,neutral
17666,neutral
17668,fear
17678,neutral
1768,happy
17682,happy
17684,happy
17685,fear
17692,happy
17693,surprise
17694,happy
17695,neutral
17698,happy
1770,happy
17700,angry
17702,neutral
17705,angry
17707,sad
17710,fear
17713,sad
17715,happy
17717,angry
1772,neutral
17730,sad
17731,angry
17735,angry
17736,angry
17746,sad
17752,neutral
17762,sad
17763,neutral
17767,fear
17772,happy
17775,sad
1778,angry
17784,neutral
17787,angry
17790,neutral
17794,neutral
17799,happy
17802,neutral
17815,neutral
17816,happy
17821,happy
17831,happy
17834,sad
17837,neutral
17845,surprise
1785,neutral
1787,happy
17886,sad
17887,sad
17901,angry
17904,happy
17906,angry
17910,angry
17912,sad
17919,surprise
1793,happy
17930,fear
17932,angry
17934,sad
17936,happy
17939,angry
17952,fear
1796,sad
17973,neutral
17980,neutral
1799,neutral
1800,surprise
18001,sad
18006,angry
18010,fear
18016,happy
18018,happy
18025,neutral
18026,surprise
18033,happy
18035,neutral
18037,happy
18038,surprise
18047,sad
18050,angry
18067,sad
18068,neutral
18073,fear
18077,neutral
18080,happy
18082,happy
18101,disgust
18104,fear
18106,angry
18108,surprise
18117,fear
18120,fear
18130,angry
18132,surprise
18140,happy
18142,angry
18148,neutral
1815,happy
18161,fear
18165,happy
18166,surprise
18168,angry
18173,happy
18180,sad
18181,neutral
18183,angry
1819,neutral
18193,neutral
18198,surprise
18200,angry
18203,angry
18205,happy
18208,neutral
18223,neutral
18226,happy
18237,happy
18245,happy
18247,angry
18249,happy
1825,neutral
18250,happy
18254,neutral
18256,happy
18259,surprise
18260,sad
18270,neutral
18281,neutral
18284,angry
18285,surprise
18288,neutral
18291,sad
18297,happy
18299,fear
1830,angry
18300,neutral
18301,neutral
18308,happy
18309,happy
18312,neutral
18313,surprise
18317,fear
18321,neutral
18325,disgust
18336,fear
18339,neutral
18345,sad
18349,neutral
1835,neutral
18361,neutral
18364,neutral
18367,sad
18376,angry
1838,fear
18380,happy
18381,sad
18383,happy
18388,neutral
18389,neutral
18393,surprise
18404,fear
18405,happy
1841,angry
18415,angry
18424,neutral
18425,neutral
1843,angry
18431,neutral
18436,surprise
18442,happy
18443,sad
18445,angry
18457,happy
18459,neutral
18464,disgust
18466,angry
18469,sad
18471,happy
18475,sad
18476,happy
18483,happy
18487,happy
18492,fear
18497,neutral
18503,happy
18505,neutral
18513,angry
18517,happy
18521,fear
18523,neutral
18527,fear
18531,happy
18534,neutral
1854,sad
18541,neutral
18542,fear
18545,neutral
18550,sad
18554,sad
18555,surprise
18556,happy
18565,angry
18566,neutral
18568,happy
18569,angry
1857,fear
18573,neutral
18574,angry
18577,surprise
18578,happy
18588,angry
18593,angry
18602,angry
18610,sad
18613,fear
18615,neutral
18617,angry
18619,surprise
18631,surprise
18633,angry
1864,surprise
18641,angry
18655,happy
18658,neutral
18662,happy
18678,surprise
18687,sad
1869,happy
18695,fear
187,happy
18700,happy
18703,neutral
18706,surprise
18708,neutral
18713,sad
18715,angry
18716,angry
18725,happy
18729,happy
1873,surprise
18732,sad
18734,neutral
1874,happy
18742,surprise
18753,sad
18757,sad
18763,neutral
18778,neutral
18779,angry
18783,happy
18791,neutral
1880,neutral
18803,neutral
18810,angry
18822,happy
18825,sad
18827,sad
18834,happy
18835,happy
18837,angry
18842,neutral
18849,happy
18855,sad
18861,happy
18862,surprise
18864,surprise
1887,happy
18872,sad
18873,happy
18882,angry
18885,happy
18888,sad
18897,angry
18898,happy
18903,sad
18904,fear
18905,neutral
18908,fear
18909,neutral
1891,sad
18911,surprise
18914,neutral
1892,neutral
18926,fear
18927,neutral
18930,happy
18944,happy
18948,happy
18949,happy
18952,happy
1896,sad
18960,fear
18962,angry
1897,neutral
18973,happy
18974,fear
18976,neutral
18983,angry
18984,angry
18986,neutral
1899,angry
18994,angry
19000,fear
19008,happy
19009,neutral
19012,happy
19014,happy
19020,fear
19025,happy
19029,sad
19049,neutral
19051,surprise
19056,happy
19060,neutral
19062,happy
19063,neutral
19064,neutral
19067,neutral
19074,happy
1908,angry
19082,neutral
19084,sad
19089,sad
19093,angry
19095,sad
19105,happy
19108,fear
1911,surprise
19114,neutral
19115,angry
19119,sad
19127,happy
19130,happy
19131,neutral
19132,happy
19137,happy
1914,surprise
19140,neutral
19142,surprise
19145,neutral
19148,happy
19152,angry
19160,happy
19162,happy
19165,neutral
19177,fear
19179,neutral
19181,happy
19187,surprise
19188,sad
1919,happy
192,fear
1920,happy
19204,neutral
19210,happy
19214,sad
19216,sad
19226,sad
19234,neutral
19235,fear
19245,happy
19252,sad
19259,neutral
1926,sad
19263,happy
19267,surprise
19268,neutral
19269,happy
19274,neutral
19284,happy
19285,sad
1929,fear
19291,sad
19292,neutral
19303,sad
19309,neutral
1931,sad
19314,surprise
19317,happy
19318,happy
19323,happy
19329,angry
19340,angry
19346,happy
19349,sad
19357,neutral
19362,surprise
19364,neutral
1937,neutral
19370,happy
19373,neutral
19377,happy
19378,happy
1938,happy
19384,fear
19389,surprise
1939,neutral
19390,sad
19392,sad
19398,happy
19402,sad
19411,neutral
19422,neutral
19431,fear
19435,sad
19438,happy
19449,happy
1945,angry
19454,neutral
19461,happy
19470,neutral
19473,disgust
19476,angry
19477,sad
19478,happy
19485,sad
19486,sad
19492,happy
19495,sad
19496,happy
19497,neutral
19499,happy
19514,happy
1952,surprise
1953,happy
19531,sad
19533,neutral
19535,happy
19536,happy
19548,neutral
19549,happy
19559,fear
19568,happy
19571,sad
19578,neutral
19581,neutral
19589,neutral
19590,neutral
19591,neutral
19594,surprise
19597,happy
19599,fear
196,happy
19600,happy
19601,surprise
19605,sad
19607,sad
19609,neutral
19612,sad
19615,neutral
19643,neutral
19644,surprise
19649,sad
19650,surprise
1966,angry
19663,neutral
19664,neutral
19665,surprise
19668,happy
19674,sad
19680,happy
19682,neutral
19696,happy
19700,happy
19709,happy
19711,happy
1972,neutral
19720,happy
1973,fear
19731,neutral
19732,fear
19734,disgust
1974,happy
19740,angry
19744,happy
19747,happy
19748,happy
19754,neutral
19755,surprise
19768,happy
19770,angry
19785,sad
19793,neutral
19795,surprise
19797,neutral
19799,angry
19801,neutral
19803,happy
19810,angry
19811,angry
19829,neutral
1983,angry
19831,sad
19832,sad
19837,happy
19841,fear
19855,sad
1986,neutral
19861,angry
19863,neutral
19864,neutral
19877,sad
1988,neutral
19880,neutral
19883,happy
19888,fear
19889,happy
19893,sad
19896,neutral
19897,neutral
19906,neutral
19918,happy
1992,surprise
19923,angry
19934,sad
1994,angry
19950,neutral
19953,sad
19957,happy
19958,happy
19961,happy
19962,happy
19968,happy
19969,neutral
19972,surprise
19973,sad
19975,sad
19983,neutral
19993,happy
19995,fear
20,sad
200,sad
20008,neutral
2001,happy
20019,neutral
20023,happy
20025,happy
20028,neutral
20032,happy
20036,neutral
20037,fear
20039,happy
20041,surprise
20048,happy
20058,neutral
2006,angry
20062,angry
20072,sad
20073,sad
20083,fear
20091,happy
201,sad
20104,neutral
20111,happy
2012,sad
20120,happy
20122,happy
20135,sad
20140,happy
20146,surprise
20148,surprise
20150,neutral
20155,happy
20157,happy
20162,surprise
20165,happy
20167,surprise
20171,sad
20181,happy
2019,happy
20192,sad
20193,neutral
20194,fear
20196,happy
20208,happy
20213,happy
20214,sad
20216,neutral
20217,happy
20218,happy
20222,angry
20223,angry
20227,angry
20229,happy
20239,neutral
20252,happy
20257,neutral
20262,surprise
20265,happy
20267,happy
20272,sad
20274,neutral
20285,happy
20287,surprise
20289,neutral
20290,angry
20293,surprise
20296,sad
20298,fear
20301,sad
20303,angry
20312,angry
20313,neutral
20318,happy
20328,neutral
20337,neutral
20353,angry
20355,happy
20360,neutral
20365,happy
20369,surprise
20371,sad
20372,sad
20373,surprise
20374,angry
20377,happy
20387,surprise
2039,sad
20395,angry
20400,neutral
20407,surprise
20411,happy
20412,happy
20416,neutral
20424,angry
20430,happy
20432,neutral
2044,neutral
20445,happy
20450,fear
20451,neutral
20461,fear
20467,surprise
20468,neutral
20469,angry
2047,sad
20476,fear
20490,neutral
20495,sad
2050,angry
20500,happy
20505,angry
20507,happy
20508,neutral
20511,angry
20514,angry
20517,neutral
20519,happy
20526,happy
2053,angry
20532,angry
20547,happy
20549,sad
2055,angry
20560,sad
20561,happy
20563,sad
20567,happy
20573,fear
20579,fear
2058,happy
20580,happy
20584,surprise
20588,neutral
20589,sad
20594,happy
20595,happy
20598,angry
20603,surprise
20616,happy
20617,neutral
20621,neutral
20629,angry
20630,neutral
20635,angry
2064,happy
20640,angry
20650,sad
20653,fear
20656,sad
20664,neutral
20665,neutral
20666,happy
20667,angry
20670,neutral
20673,angry
20675,neutral
2068,sad
20680,sad
20684,happy
20685,happy
20686,angry
2069,happy
20691,surprise
20715,sad
20736,angry
20737,neutral
20739,angry
20745,happy
20750,sad
20761,fear
20786,surprise
20796,angry
20814,neutral
20817,surprise
20821,happy
20829,happy
20831,sad
20833,sad
2084,angry
20843,fear
20849,neutral
20850,happy
20851,sad
20855,surprise
20856,neutral
20857,happy
20865,happy
20866,happy
20875,neutral
20882,surprise
20889,happy
20892,angry
20893,angry
20897,angry
2090,surprise
20908,neutral
2091,fear
20918,happy
20933,neutral
20935,surprise
20941,happy
20945,happy
20947,happy
20948,neutral
20949,happy
20958,happy
20964,sad
20967,neutral
20970,sad
20972,angry
20979,sad
2098,sad
20984,happy
20988,happy
20989,surprise
20994,neutral
21,fear
210,happy
21005,sad
21006,happy
21025,sad
21027,happy
21029,angry
21030,neutral
21033,happy
21036,sad
21044,surprise
21068,angry
21070,fear
21072,surprise
21074,surprise
21077,angry
21078,sad
21082,happy
21092,neutral
21097,happy
21098,happy
21099,sad
21101,fear
21102,surprise
21104,neutral
21111,angry
21120,happy
21131,angry
21135,angry
2114,angry
21143,neutral
21148,surprise
21150,fear
21151,neutral
21153,surprise
21154,surprise
21161,disgust
21166,neutral
21167,neutral
2117,surprise
21173,fear
21177,happy
21185,happy
2119,surprise
21199,neutral
2120,fear
21200,happy
21201,neutral
21210,neutral
21217,surprise
2122,happy
21221,neutral
21227,fear
21230,sad
21233,happy
21235,neutral
21239,surprise
21249,angry
21250,fear
21265,fear
21269,angry
21275,sad
21280,surprise
21282,neutral
21284,neutral
21292,happy
21299,surprise
213,happy
21305,happy
21311,neutral
21312,neutral
21314,neutral
21316,happy
21324,sad
2133,neutral
21337,neutral
21348,happy
2135,happy
21351,neutral
21352,sad
21360,sad
2137,happy
21371,sad
21374,happy
21376,happy
21377,neutral
21384,happy
21386,neutral
21387,surprise
21393,neutral
21394,happy
21404,happy
21417,surprise
2142,neutral
21420,sad
21428,sad
21434,fear
21439,happy
21441,happy
21447,angry
21451,neutral
21455,neutral
2146,sad
21460,happy
21461,surprise
21464,angry
21468,surprise
21470,neutral
21472,angry
21473,happy
21475,sad
21483,happy
2149,neutral
21499,fear
21500,neutral
21501,angry
21511,angry
21512,happy
2152,neutral
21520,angry
21524,happy
21531,sad
21535,sad
21538,neutral
21541,neutral
21545,surprise
21549,neutral
21556,surprise
21557,neutral
21559,fear
2156,neutral
2157,sad
21570,fear
21573,sad
21574,happy
21578,surprise
21587,surprise
21589,sad
2159,happy
21593,angry
21598,fear
21602,happy
21605,happy
21615,angry
21618,happy
21632,fear
21638,happy
21654,fear
21658,neutral
21663,happy
21666,sad
21670,sad
2168,fear
21681,happy
21686,angry
21695,neutral
21697,angry
21699,happy
217,neutral
21703,angry
21708,neutral
21715,angry
2172,neutral
21720,sad
21723,angry
2173,surprise
21730,neutral
21744,angry
21750,happy
21752,fear
2176,sad
21765,disgust
21766,neutral
21769,sad
21778,happy
2178,surprise
21782,angry
21783,neutral
21787,happy
21794,neutral
21807,angry
21812,sad
21817,sad
2182,happy
21822,neutral
21824,surprise
21825,happy
21833,surprise
21834,surprise
21835,happy
21836,neutral
2184,happy
21846,sad
21851,angry
21852,neutral
21858,fear
21862,neutral
21865,angry
21876,happy
21877,fear
21880,neutral
21887,surprise
21896,surprise
21899,happy
21906,fear
21916,angry
21921,sad
21922,neutral
21927,neutral
2194,angry
21942,happy
21943,happy
21946,angry
2195,surprise
21961,happy
21962,neutral
21967,fear
21968,angry
21971,sad
21973,surprise
21978,sad
21987,surprise
21988,sad
21990,neutral
2200,surprise
22004,sad
22019,surprise
22023,neutral
22025,surprise
22028,neutral
22032,happy
2204,happy
22050,surprise
22051,neutral
22056,surprise
22064,neutral
22067,angry
2207,neutral
22074,angry
22080,happy
22088,neutral
22089,angry
22091,happy
22095,neutral
22097,happy
22102,sad
22111,neutral
22117,sad
22123,neutral
22128,surprise
22130,fear
22131,surprise
22138,sad
22140,happy
22150,happy
22154,happy
2216,neutral
22166,surprise
22178,angry
22179,happy
22183,fear
22184,angry
22191,happy
22194,happy
22198,angry
22201,happy
2223,neutral
22241,angry
22247,happy
2225,sad
22255,sad
2226,fear
22267,neutral
2227,neutral
22271,happy
22278,surprise
2228,happy
22289,sad
22290,happy
22292,neutral
22301,angry
22305,angry
22309,sad
2231,happy
22319,neutral
22320,angry
22322,neutral
22325,sad
22326,fear
22334,sad
22335,sad
22336,neutral
2234,surprise
22340,happy
22346,happy
22347,happy
22349,fear
22351,fear
22354,sad
22357,neutral
22372,surprise
22375,happy
2238,sad
22380,angry
22388,happy
2239,sad
22390,sad
22395,happy
224,surprise
22403,neutral
22410,neutral
22416,sad
22419,sad
22424,happy
22442,neutral
22448,angry
22449,sad
22452,sad
22457,neutral
22458,angry
22459,happy
22466,happy
22482,neutral
22485,sad
22497,surprise
22506,sad
22508,sad
22509,fear
22516,angry
22517,neutral
22520,surprise
22521,sad
22525,surprise
22532,happy
22545,happy
2256,angry
22560,happy
22571,angry
22574,happy
22576,neutral
22587,neutral
22600,happy
22602,sad
22604,happy
22607,neutral
22612,happy
22614,happy
22617,neutral
22619,neutral
22627,neutral
22631,neutral
22640,fear
22651,sad
22655,neutral
22662,angry
22666,surprise
22671,sad
22679,happy
22688,neutral
22690,neutral
22691,neutral
22695,angry
22704,neutral
22711,happy
22720,neutral
2273,neutral
22733,angry
22739,sad
22741,neutral
2275,disgust
22750,happy
22754,happy
22756,sad
22761,angry
22763,happy
22765,fear
22766,neutral
22771,surprise
22774,neutral
22778,happy
2278,angry
22784,happy
22787,neutral
22789,neutral
2279,angry
22791,fear
22804,happy
22805,happy
22807,neutral
22808,angry
22810,angry
22816,neutral
2282,happy
22820,neutral
22827,fear
22832,angry
22834,happy
22839,fear
2284,happy
22840,surprise
22863,neutral
22864,sad
22867,neutral
2287,happy
22886,neutral
22894,happy
2290,angry
22900,happy
22910,neutral
22916,neutral
22917,neutral
22921,surprise
22924,neutral
2293,happy
22935,sad
22937,neutral
22944,angry
22961,sad
22974,neutral
22977,neutral
22987,neutral
22988,angry
22989,sad
22990,angry
22991,happy
22992,neutral
22997,happy
23,happy
23008,disgust
23012,neutral
23028,angry
2303,sad
23038,sad
23039,neutral
23041,neutral
2305,happy
23053,surprise
23054,angry
23057,neutral
23059,angry
23060,fear
2307,happy
2308,happy
23083,sad
23085,sad
23096,happy
231,sad
23100,surprise
23101,happy
23103,neutral
23114,happy
23119,neutral
2312,fear
23122,happy
23126,fear
23141,angry
23142,neutral
23151,fear
23153,sad
23155,fear
23164,angry
23167,sad
23170,happy
23172,neutral
23184,angry
23186,neutral
23192,sad
23194,angry
23204,neutral
23209,surprise
23215,neutral
23216,neutral
23220,sad
23224,happy
23230,happy
23238,happy
2324,happy
23244,neutral
23246,angry
23260,fear
2327,happy
23272,fear
23291,neutral
23293,neutral
23297,sad
23304,sad
23305,surprise
23319,happy
23320,sad
23321,angry
23327,angry
23328,surprise
23332,neutral
23334,happy
23341,sad
23343,neutral
23346,fear
23348,neutral
23362,sad
23368,fear
23374,happy
23377,happy
23380,happy
23381,happy
23386,surprise
23389,fear
23396,neutral
23403,sad
23404,happy
23407,angry
23413,surprise
23419,happy
23427,sad
23430,sad
23433,neutral
23440,happy
23447,neutral
23452,sad
23453,happy
23457,neutral
23462,happy
23463,fear
23468,angry
23470,happy
23471,neutral
23473,angry
23477,angry
23483,sad
23487,neutral
23488,angry
2350,happy
23501,happy
23507,fear
23517,fear
23521,angry
23525,happy
23532,angry
23540,surprise
23542,sad
23549,fear
23555,happy
23559,angry
23561,sad
23562,neutral
23565,neutral
23566,fear
2357,angry
23572,happy
23584,angry
23590,happy
23601,neutral
23609,neutral
23612,happy
23621,happy
23623,sad
23634,neutral
23654,sad
23658,sad
23661,surprise
23662,fear
23664,happy
23665,fear
23666,neutral
23667,happy
2367,neutral
23675,happy
23691,neutral
23700,angry
23715,sad
23718,surprise
23722,neutral
23725,neutral
23731,sad
23739,surprise
2374,happy
23741,happy
23747,surprise
23748,sad
23749,neutral
23751,fear
23760,sad
23764,sad
23767,angry
2377,happy
23770,neutral
23778,neutral
23779,sad
2378,fear
23780,angry
23781,sad
23783,angry
23786,sad
23791,fear
23792,neutral
23794,neutral
23801,happy
23813,happy
23814,angry
23817,fear
23829,angry
23832,neutral
23847,neutral
23848,happy
23853,sad
23858,neutral
23862,happy
23865,neutral
23866,happy
23869,neutral
23876,surprise
23884,sad
23885,fear
23886,angry
23891,happy
23893,neutral
23897,happy
23901,neutral
23905,sad
2391,angry
23915,sad
23917,happy
23920,happy
23929,neutral
23933,happy
23941,surprise
23943,neutral
23945,angry
23946,happy
23948,sad
23949,fear
23965,sad
23968,sad
23978,angry
23991,sad
24003,neutral
24013,sad
24016,sad
24022,neutral
24027,happy
2403,sad
24031,angry
24035,sad
24046,surprise
24050,surprise
24051,neutral
24054,neutral
24055,happy
24057,angry
24065,neutral
24066,neutral
24067,angry
2407,neutral
24071,angry
24077,happy
24079,happy
24087,angry
24088,fear
24089,fear
24099,happy
24101,neutral
24104,neutral
24105,neutral
2411,happy
2412,sad
24123,happy
24131,neutral
24133,sad
24137,happy
24143,angry
24148,happy
24156,neutral
2416,fear
24160,neutral
24161,happy
24163,fear
24165,sad
24167,surprise
24168,sad
24173,sad
24174,surprise
24175,neutral
24176,fear
24179,surprise
2418,neutral
24182,neutral
24183,sad
24184,angry
24185,angry
24187,neutral
24189,happy
24200,happy
24201,happy
2421,happy
24211,happy
24213,angry
24217,fear
24219,happy
24220,neutral
24224,happy
24232,neutral
24239,angry
2424,happy
24241,happy
24247,sad
24252,sad
24259,fear
2426,neutral
24263,happy
2427,fear
24286,happy
24289,happy
24291,neutral
24292,happy
24297,happy
24299,happy
2431,sad
24329,neutral
24340,happy
24347,neutral
24354,happy
24355,happy
24358,neutral
2436,neutral
24360,happy
24363,angry
24378,angry
24380,happy
24384,neutral
24390,happy
24391,happy
24393,happy
24395,happy
24404,happy
24410,happy
24411,surprise
24412,angry
24415,surprise
24420,sad
24421,sad
24428,angry
2443,neutral
24432,surprise
24433,surprise
24435,angry
24437,sad
24441,happy
24443,neutral
24452,angry
24460,happy
24465,happy
24466,angry
24473,sad
24479,angry
2448,surprise
24482,surprise
24490,angry
24492,neutral
245,angry
2450,happy
24501,sad
24509,happy
2451,sad
24521,happy
24530,happy
24531,happy
24535,happy
24536,happy
24539,neutral
24542,sad
24543,fear
24545,sad
24554,happy
24557,surprise
24562,surprise
24570,sad
24573,neutral
24575,happy
24578,angry
24579,happy
2458,happy
24582,sad
24607,happy
2461,surprise
24621,fear
24625,happy
24633,happy
24643,sad
24646,surprise
24652,happy
24656,happy
24660,sad
24664,angry
24668,fear
24678,angry
24680,happy
24692,happy
24694,angry
24699,happy
247,happy
24711,neutral
24718,happy
2472,happy
24721,fear
24725,neutral
24731,fear
24736,sad
24747,happy
24753,fear
24756,happy
2476,sad
24763,fear
24764,happy
24768,neutral
24769,happy
24774,angry
24777,happy
24778,happy
24779,neutral
2478,neutral
24783,happy
24785,neutral
24789,angry
24797,angry
24798,happy
24815,neutral
24819,angry
24820,neutral
24821,neutral
24822,sad
24823,happy
2483,happy
2484,angry
24845,happy
2485,neutral
2486,sad
2487,angry
24877,neutral
24880,sad
24881,sad
24884,sad
24886,sad
24893,happy
249,neutral
24904,happy
24906,happy
24909,angry
24910,happy
24912,neutral
24916,sad
2492,neutral
24921,surprise
24931,neutral
24942,happy
24946,happy
24948,surprise
24959,surprise
2496,neutral
24962,neutral
24963,angry
24964,sad
24967,happy
24978,sad
2498,neutral
2499,neutral
24991,angry
24992,angry
25006,happy
25007,happy
25010,surprise
25017,happy
25018,neutral
2502,sad
25021,neutral
25025,neutral
25028,happy
25036,surprise
25037,happy
25039,happy
25044,surprise
25045,fear
25046,fear
25048,angry
25055,neutral
25058,happy
25061,neutral
25074,fear
25078,neutral
25082,sad
25087,neutral
25088,angry
25089,neutral
25099,neutral
251,neutral
2510,neutral
25101,angry
25107,surprise
25108,angry
25109,sad
2511,angry
25117,sad
25123,happy
25126,neutral
25131,fear
25133,fear
25143,surprise
25144,angry
25151,neutral
25162,angry
25163,happy
25180,happy
25186,happy
25188,surprise
25191,neutral
25199,happy
25202,happy
25209,angry
25211,neutral
25220,sad
25223,happy
25229,happy
25231,sad
25234,fear
25240,sad
25242,fear
25247,sad
25250,happy
25255,neutral
25267,angry
25271,happy
25275,neutral
25280,surprise
25281,sad
25287,neutral
2529,surprise
25295,neutral
25298,neutral
2530,neutral
25306,neutral
25318,neutral
25319,surprise
25322,happy
25327,angry
25328,happy
2533,fear
25330,neutral
25337,happy
25342,happy
25343,happy
25348,sad
2535,neutral
25351,sad
25356,fear
25359,neutral
25360,neutral
25372,fear
25379,sad
25381,sad
25383,angry
2539,happy
25390,surprise
25391,neutral
25396,happy
25397,surprise
25401,neutral
25402,surprise
25409,neutral
25410,sad
25412,neutral
25414,happy
25416,surprise
25420,happy
25425,angry
25431,happy
25435,angry
25438,sad
25439,happy
25443,happy
25451,neutral
25454,sad
2546,sad
25472,happy
25481,sad
25492,surprise
25496,neutral
25497,neutral
25507,neutral
25510,sad
25517,happy
25520,neutral
25528,angry
25529,fear
25533,happy
25537,neutral
25538,happy
25539,surprise
2554,neutral
25541,sad
25542,happy
25555,fear
2556,happy
25563,surprise
2557,angry
25570,surprise
25571,surprise
25573,neutral
25576,neutral
25577,sad
25578,happy
2558,angry
25582,sad
2559,happy
25590,sad
25593,neutral
25597,fear
256,surprise
25602,happy
25604,happy
25605,fear
25610,surprise
25612,angry
25615,neutral
25621,fear
25627,happy
25632,angry
25635,happy
25636,neutral
25638,fear
2564,neutral
25643,sad
25647,angry
25649,happy
2565,angry
25652,happy
25658,happy
25668,neutral
25674,surprise
25678,neutral
25681,neutral
25682,neutral
25685,neutral
25686,happy
25687,fear
25688,sad
25695,neutral
25701,sad
25705,happy
25709,fear
25710,fear
25714,happy
25719,happy
25720,happy
25723,neutral
25742,surprise
25743,neutral
25744,happy
25747,happy
25759,happy
25773,neutral
25775,happy
25778,angry
25781,surprise
25795,neutral
25797,neutral
258,fear
25800,neutral
25808,angry
25809,happy
2581,neutral
25810,neutral
25811,angry
25813,angry
25818,sad
25819,neutral
25820,fear
25832,sad
25839,happy
25841,sad
25843,sad
25844,sad
25874,angry
25876,angry
2588,neutral
25886,angry
25887,happy
25891,sad
25895,neutral
259,angry
25902,happy
25906,happy
25914,sad
25915,happy
25919,neutral
2592,sad
25920,neutral
25927,happy
2593,sad
25937,happy
25944,angry
25949,happy
25959,surprise
25961,fear
25969,neutral
25973,neutral
25978,neutral
25979,sad
25983,angry
25985,happy
25993,happy
25994,neutral
26005,sad
26006,sad
26016,happy
26018,happy
26023,happy
26025,neutral
2603,happy
26032,happy
26034,happy
26038,fear
26040,neutral
26041,angry
26046,happy
26049,neutral
26056,angry
26059,angry
26067,neutral
26069,sad
26076,surprise
26077,happy
26079,sad
26081,fear
26082,neutral
26087,neutral
26091,angry
26097,sad
26098,happy
26101,surprise
26102,surprise
26107,neutral
2611,happy
26121,neutral
26124,sad
2613,neutral
26131,neutral
26133,surprise
26134,sad
26137,fear
2615,neutral
26159,happy
26160,happy
26161,neutral
26163,angry
26169,happy
26175,sad
26177,angry
26181,neutral
26185,angry
26187,sad
2619,happy
26190,neutral
26192,neutral
26198,sad
2620,happy
26200,neutral
26209,neutral
26210,angry
26212,happy
26223,happy
26224,happy
26227,neutral
26237,neutral
26243,surprise
26248,happy
26249,neutral
26250,fear
26264,angry
26267,sad
26269,sad
26270,sad
26275,angry
26283,sad
2629,happy
26292,sad
26304,neutral
26313,sad
26318,neutral
26321,sad
2633,sad
26337,angry
26338,happy
26339,neutral
2634,happy
26344,angry
26346,sad
2635,sad
26355,neutral
26363,sad
26364,sad
26368,sad
26370,happy
26377,fear
26378,fear
26385,fear
26394,neutral
26397,happy
26398,angry
264,fear
2640,happy
26402,neutral
26404,sad
26409,surprise
2641,fear
26411,happy
26437,neutral
26443,sad
26446,angry
26452,surprise
26453,neutral
26454,angry
26455,surprise
26456,happy
26459,happy
26462,neutral
26464,neutral
26468,happy
26469,surprise
26477,happy
26483,fear
26484,sad
26487,surprise
2649,happy
26495,neutral
26500,happy
26501,sad
2651,angry
26511,happy
26539,sad
26543,angry
2655,happy
26556,surprise
26563,happy
26566,sad
2657,neutral
26572,angry
26573,sad
26578,happy
26581,sad
26582,neutral
26586,happy
26597,happy
26600,neutral
26612,sad
26618,fear
26620,angry
26626,happy
26647,neutral
26654,neutral
26660,happy
26665,happy
26667,surprise
26670,sad
26675,sad
26676,happy
2668,angry
26682,sad
26683,sad
26702,sad
26703,happy
26708,surprise
26715,neutral
26720,neutral
26725,sad
26726,sad
26736,happy
26747,neutral
26767,neutral
2677,neutral
26771,angry
26772,neutral
26775,happy
2678,happy
26789,neutral
26800,happy
2681,fear
26819,happy
26825,surprise
26833,neutral
26834,angry
26839,sad
26840,happy
26842,angry
26845,neutral
26850,fear
26851,neutral
26859,happy
26860,fear
26873,happy
26886,angry
26888,happy
26891,happy
26892,happy
26895,fear
26899,angry
2690,neutral
26900,angry
26901,neutral
26906,happy
26907,surprise
26909,happy
26910,surprise
26913,happy
26914,angry
26916,surprise
26919,angry
26927,angry
26928,angry
26935,happy
26944,surprise
26956,angry
26959,sad
26960,happy
26961,neutral
26963,happy
26967,happy
26970,sad
26973,angry
26978,happy
26980,sad
26981,neutral
2699,sad
270,fear
27005,neutral
27006,fear
27016,angry
27022,angry
27025,fear
27027,neutral
27035,sad
27039,surprise
27048,happy
27051,happy
27052,sad
27054,fear
27070,fear
27077,fear
2709,neutral
27094,sad
27098,fear
2710,neutral
27103,angry
27105,neutral
27106,happy
27115,happy
27117,neutral
2712,sad
27124,fear
27125,surprise
27128,happy
27140,happy
27145,angry
27152,happy
27162,happy
27165,fear
27172,happy
27174,surprise
27187,happy
27190,happy
27193,surprise
27196,happy
27197,happy
27204,neutral
27212,happy
27218,neutral
27227,happy
27229,happy
27240,surprise
27246,happy
27258,sad
2727,happy
27270,fear
27273,surprise
27277,happy
27284,angry
27292,sad
27294,happy
27296,angry
27299,neutral
273,neutral
2730,happy
27300,angry
27305,sad
27306,neutral
27308,neutral
2732,sad
27321,surprise
27325,surprise
27326,happy
27328,surprise
27329,neutral
27333,happy
27334,happy
27350,fear
27359,angry
27363,fear
27365,happy
27367,happy
27369,sad
27385,angry
27400,neutral
27404,happy
27405,neutral
27407,happy
27410,sad
27413,angry
2742,disgust
27426,happy
2744,fear
27446,happy
2745,happy
27450,neutral
27452,happy
27461,sad
27464,angry
27465,neutral
2747,happy
27471,neutral
27474,happy
2748,neutral
27483,angry
27488,angry
2750,neutral
27503,angry
27508,happy
27509,fear
2751,sad
27518,angry
27522,fear
2753,angry
27533,neutral
2754,happy
27544,angry
27554,sad
27561,sad
27562,sad
27563,happy
27566,surprise
27575,happy
27576,sad
27577,surprise
2758,surprise
27585,fear
27586,surprise
27588,sad
2759,surprise
27591,sad
27594,angry
27597,neutral
276,surprise
2761,neutral
27616,happy
27619,happy
2762,angry
27625,happy
27629,angry
27635,fear
27636,happy
27642,neutral
27645,happy
27646,neutral
27647,neutral
27648,happy
27650,happy
27652,angry
27662,happy
27671,happy
27675,happy
27681,fear
27683,sad
27692,neutral
27694,neutral
27696,surprise
2770,angry
27701,happy
27704,neutral
27709,fear
2771,happy
27715,angry
27719,neutral
27726,neutral
27737,fear
2774,happy
27744,angry
27752,sad
27756,happy
27759,neutral
27764,sad
27767,angry
27770,neutral
27772,sad
27774,surprise
27776,sad
27777,neutral
27779,happy
27788,sad
27798,angry
27803,surprise
27806,sad
27810,neutral
27823,happy
27828,happy
27846,fear
2785,neutral
27854,happy
27864,neutral
27868,fear
27873,sad
2788,neutral
27887,fear
27889,fear
2789,sad
27899,happy
2790,happy
2791,angry
27910,neutral
27913,sad
27916,surprise
27919,neutral
2792,angry
27926,surprise
27928,neutral
27931,angry
27932,happy
27933,surprise
27937,neutral
27940,happy
27944,sad
27948,angry
27949,happy
2796,angry
27967,sad
27973,neutral
27979,surprise
27982,angry
27985,neutral
27993,sad
27995,happy
28005,sad
28007,happy
28014,neutral
28015,neutral
28025,neutral
2803,angry
28040,happy
28046,neutral
2805,happy
28050,angry
28053,sad
28058,angry
2806,angry
28062,neutral
28073,sad
28076,fear
28082,angry
28084,sad
28091,sad
2810,happy
28100,angry
28101,fear
28105,happy
28108,happy
28115,happy
28120,angry
28130,surprise
28137,sad
28138,happy
28140,happy
28143,sad
28144,surprise
28148,neutral
28149,neutral
28153,surprise
2816,happy
28171,fear
28182,surprise
28189,neutral
2820,happy
28207,angry
28210,fear
28219,happy
28230,sad
28235,neutral
28236,neutral
28243,sad
28248,angry
28249,happy
28251,neutral
28252,neutral
28256,happy
28264,happy
28267,happy
28269,happy
28272,sad
28273,happy
28278,happy
28282,happy
28287,surprise
28288,fear
2829,neutral
28294,sad
28296,sad
28298,neutral
28300,angry
28308,neutral
28328,surprise
28331,angry
28332,angry
28335,surprise
28342,fear
2835,fear
28359,sad
28367,happy
2837,surprise
28370,neutral
28376,happy
28379,happy
28383,neutral
28390,surprise
28396,sad
28401,angry
28415,happy
28417,fear
28421,surprise
28424,sad
28426,angry
28438,fear
28441,surprise
28448,fear
28453,surprise
28465,fear
28471,neutral
28474,happy
28476,surprise
28478,neutral
28480,surprise
28482,surprise
28493,sad
28498,sad
28499,neutral
28501,surprise
28502,happy
28503,fear
28507,neutral
28509,angry
28515,fear
28517,neutral
28522,happy
28525,surprise
28529,happy
28531,neutral
28535,neutral
28539,sad
28543,neutral
28546,sad
28547,angry
28548,angry
28549,angry
28552,sad
28555,sad
28560,angry
28568,sad
2857,happy
2858,sad
28581,happy
28585,angry
28590,happy
28594,happy
28596,neutral
2860,neutral
28600,happy
2861,happy
28614,angry
28618,neutral
28620,sad
28627,angry
28632,happy
28639,fear
28642,neutral
28653,surprise
28660,angry
28666,fear
28667,surprise
2867,happy
28676,happy
28681,angry
28688,happy
28696,sad
28700,sad
28701,neutral
28704,fear
28707,neutral
2871,neutral
28710,happy
28720,angry
28723,neutral
28724,fear
28727,surprise
28729,angry
28731,neutral
28734,neutral
28737,angry
28743,angry
28749,angry
28769,neutral
28772,surprise
28782,happy
28794,sad
28797,happy
28800,angry
28803,angry
28807,happy
28814,fear
28836,neutral
28840,angry
28842,neutral
28846,happy
2885,angry
28854,sad
28859,sad
2886,neutral
28864,surprise
28867,angry
28871,happy
28884,neutral
28895,sad
28897,happy
2890,sad
28901,surprise
28928,happy
28932,neutral
28934,happy
28938,happy
28949,happy
28951,neutral
28952,angry
28954,happy
28955,happy
28962,fear
28963,happy
28966,sad
28982,happy
28987,angry
29003,happy
29005,fear
29009,sad
2901,angry
29019,happy
2902,neutral
29020,neutral
29026,happy
29027,fear
29038,fear
29043,angry
29058,angry
2906,angry
29067,happy
29068,fear
29071,happy
29074,happy
29082,sad
29085,angry
29099,sad
29110,surprise
29111,happy
29112,neutral
29118,surprise
29119,happy
29121,sad
29123,happy
29126,neutral
29129,neutral
2913,happy
29132,sad
2914,happy
29150,angry
29152,fear
29158,disgust
29164,surprise
29185,happy
29194,fear
29202,angry
29205,surprise
29211,happy
29214,sad
29216,neutral
29219,fear
29225,surprise
29226,sad
29243,angry
29246,neutral
29248,neutral
29256,sad
29258,happy
29266,angry
29269,disgust
2927,neutral
29276,surprise
29283,fear
29284,fear
29285,fear
29290,happy
29291,fear
29295,sad
29298,sad
2930,happy
29300,happy
29305,happy
29311,neutral
29315,angry
29318,sad
29319,angry
29322,sad
29324,neutral
29327,sad
29329,angry
2933,disgust
2934,neutral
29349,surprise
29354,neutral
29365,happy
29370,happy
29379,neutral
2938,happy
29383,neutral
29388,neutral
29389,angry
29398,happy
29403,happy
29414,angry
29415,happy
29423,neutral
29428,neutral
29438,happy
2945,neutral
29456,happy
29460,happy
29464,happy
29467,happy
29471,angry
29475,happy
29477,neutral
29478,neutral
2948,surprise
29484,surprise
2949,neutral
29493,angry
2950,sad
29500,neutral
29504,happy
29505,neutral
29515,surprise
29516,neutral
29523,angry
29525,neutral
29527,sad
29528,fear
29529,sad
2953,angry
29536,sad
29537,surprise
29540,surprise
29542,fear
29551,sad
29553,sad
29554,neutral
29555,happy
29556,neutral
29557,neutral
29559,neutral
2956,surprise
29561,sad
29568,surprise
2957,neutral
29571,angry
29578,happy
29580,happy
29581,angry
29585,sad
29588,angry
29589,happy
29603,fear
29608,neutral
29609,sad
29614,happy
29617,sad
29618,surprise
29619,fear
2962,fear
29622,angry
29627,sad
29628,sad
29629,neutral
29632,neutral
29637,neutral
29645,happy
29647,happy
29648,happy
29649,happy
2965,happy
29652,angry
29664,sad
29669,fear
29674,angry
29677,happy
29680,happy
29685,angry
29690,surprise
29692,neutral
29694,neutral
29697,happy
29699,neutral
297,fear
29701,fear
29703,sad
29707,happy
29709,fear
29713,sad
29720,surprise
29724,happy
29730,angry
29731,angry
29733,sad
29735,sad
29738,neutral
29756,sad
29757,angry
29758,angry
29766,angry
29769,happy
29773,neutral
2978,neutral
29792,happy
29794,neutral
29795,happy
29796,surprise
29797,surprise
298,neutral
29803,neutral
29818,angry
29819,angry
29821,surprise
29834,happy
29835,sad
2984,neutral
29840,angry
29844,fear
29848,happy
2985,neutral
29866,neutral
29869,fear
2987,sad
29871,sad
29875,angry
2988,surprise
29884,sad
29889,happy
29892,sad
29893,neutral
29897,neutral
29912,sad
29916,neutral
29919,happy
29921,neutral
29924,sad
29929,sad
29931,angry
29936,fear
29937,sad
29941,sad
29944,neutral
29947,angry
2995,sad
29954,surprise
29970,neutral
29973,sad
29977,angry
29979,happy
2998,neutral
29980,happy
29981,happy
29987,happy
29990,neutral
29991,happy
29998,sad
30,happy
3000,happy
30001,neutral
30002,angry
30004,angry
30006,happy
30015,happy
30016,happy
3002,surprise
30024,angry
30035,sad
30045,angry
30053,sad
30056,sad
30058,neutral
30059,neutral
30062,neutral
30069,happy
3007,neutral
30074,angry
30080,neutral
30082,neutral
30085,angry
30094,fear
30099,happy
3010,happy
30102,happy
30104,sad
30114,happy
30118,sad
30119,happy
3012,sad
30121,sad
30127,happy
30143,happy
30144,sad
3016,happy
30164,happy
30167,neutral
30170,surprise
30171,angry
30173,fear
30174,happy
30181,sad
30184,surprise
30188,happy
30190,surprise
30193,happy
30196,fear
30197,angry
30206,neutral
3021,angry
30216,happy
30219,sad
3022,happy
30220,neutral
30221,happy
30237,fear
3024,happy
30241,happy
30245,happy
30251,fear
30253,sad
30260,neutral
30273,sad
30274,sad
30289,sad
3029,happy
30290,neutral
30292,sad
30297,neutral
30305,angry
30316,sad
30320,neutral
30325,fear
30326,sad
30328,happy
30331,sad
30332,happy
30333,neutral
30336,fear
30337,happy
30338,happy
30341,happy
30345,neutral
30346,sad
30347,angry
30358,sad
3036,sad
30371,sad
30374,neutral
30377,neutral
30394,angry
30400,happy
30407,happy
30410,fear
30415,neutral
30420,angry
30422,neutral
30424,happy
30428,disgust
30439,sad
30440,neutral
30456,sad
30458,sad
30460,angry
30462,angry
30478,happy
30482,fear
30490,neutral
30499,angry
3050,neutral
30509,happy
3051,neutral
30530,sad
30535,angry
30537,surprise
30541,neutral
30543,sad
30546,angry
30552,happy
3056,angry
30563,neutral
30564,fear
30565,sad
3057,sad
30581,neutral
30584,surprise
30585,happy
3059,sad
30594,surprise
30601,angry
30611,sad
30619,angry
30620,surprise
30625,surprise
30628,surprise
30638,sad
30646,happy
30651,happy
30652,neutral
30661,neutral
30675,happy
30683,happy
30689,neutral
3069,happy
30704,happy
30713,neutral
30714,surprise
30719,disgust
30726,surprise
30728,neutral
30735,angry
30737,happy
30738,surprise
30749,happy
3075,sad
30761,disgust
30763,sad
3077,happy
30772,sad
30774,angry
30779,happy
30786,angry
30789,sad
30793,neutral
30798,sad
30808,happy
30811,surprise
30817,sad
30818,sad
30820,happy
30822,happy
30823,happy
30825,happy
3083,happy
30830,happy
30835,happy
3084,happy
30850,neutral
30851,happy
30853,sad
30855,happy
30856,neutral
3086,happy
30867,sad
3087,sad
30871,happy
3088,angry
30893,surprise
30901,angry
30907,angry
30909,sad
30933,fear
30936,fear
3094,neutral
30943,surprise
30944,happy
30948,happy
30951,happy
30961,happy
30962,happy
30965,happy
30976,sad
30981,happy
30989,surprise
3099,neutral
31005,surprise
31007,neutral
31009,sad
3101,angry
31010,neutral
31029,happy
31033,angry
31042,angry
31043,happy
31054,surprise
31056,happy
31057,happy
3106,happy
31068,angry
31072,angry
31080,happy
31081,neutral
31083,neutral
31097,angry
31099,sad
31101,happy
31102,surprise
31104,neutral
31105,angry
31107,neutral
31112,happy
31113,sad
31116,fear
3112,fear
31123,neutral
31130,neutral
31132,sad
31137,happy
31138,happy
31139,neutral
31140,happy
31141,happy
31142,fear
31145,happy
31149,neutral
3115,neutral
31157,fear
31159,surprise
31164,neutral
3117,happy
3118,sad
31188,fear
31189,neutral
31194,fear
31198,surprise
312,neutral
3120,happy
31203,angry
31206,neutral
31209,happy
3121,angry
31223,surprise
3123,neutral
31232,angry
31239,happy
3124,sad
31240,neutral
31248,sad
31257,neutral
31263,neutral
31265,sad
31285,happy
31286,angry
31295,happy
31307,angry
3131,happy
31316,happy
3132,happy
31323,neutral
31328,sad
31330,fear
31332,angry
31341,fear
31347,neutral
31353,surprise
31357,surprise
31364,surprise
31366,happy
31367,sad
3137,angry
31371,neutral
31373,neutral
31375,angry
3138,happy
31384,happy
3139,neutral
31390,neutral
31395,fear
31398,angry
314,sad
31409,neutral
31421,sad
31424,sad
3144,happy
31440,happy
3146,happy
31461,neutral
31478,fear
31483,neutral
31486,angry
31491,angry
31506,neutral
31510,surprise
31526,fear
31527,happy
31529,angry
31533,surprise
31534,sad
31535,angry
31542,happy
31544,angry
31546,angry
31551,happy
31561,neutral
31563,surprise
31569,fear
3157,surprise
31571,happy
31572,happy
31591,neutral
31609,angry
3162,happy
31625,surprise
31627,happy
31629,happy
31631,happy
31634,happy
31635,fear
31638,fear
31643,sad
31653,sad
31655,neutral
31659,happy
31662,surprise
31663,sad
31665,happy
31669,surprise
3169,sad
31693,sad
31697,happy
3170,surprise
31703,angry
31712,fear
31713,angry
31720,sad
31738,sad
3174,neutral
31742,happy
31752,happy
3176,sad
31774,neutral
31775,surprise
31781,surprise
31782,surprise
31784,surprise
31796,neutral
31799,fear
31806,happy
31811,happy
31814,surprise
3182,happy
31820,happy
31821,fear
31826,surprise
31828,angry
31833,happy
31836,sad
31849,surprise
31853,happy
31855,fear
31857,sad
31858,happy
3186,angry
31860,fear
31866,sad
31869,sad
3187,neutral
31870,happy
31872,angry
31873,angry
3188,neutral
31882,surprise
31897,happy
31899,surprise
31903,fear
31908,happy
3191,neutral
31916,happy
31928,happy
31929,surprise
31940,sad
31949,sad
31952,happy
31953,fear
31954,angry
31961,surprise
31973,sad
31977,happy
31979,neutral
31987,happy
31997,sad
32005,sad
32023,angry
32024,sad
32029,angry
3204,neutral
32046,happy
32047,happy
32048,happy
32051,angry
3206,happy
32069,surprise
32071,angry
32076,fear
32081,neutral
3209,happy
32097,fear
32103,fear
32132,fear
32139,fear
32142,happy
32144,happy
3215,sad
32153,fear
32161,neutral
32165,fear
32175,sad
32177,happy
32179,surprise
32180,sad
32183,sad
32189,sad
32202,sad
3221,sad
32216,neutral
32223,disgust
3223,surprise
32231,sad
3224,fear
32243,surprise
32248,happy
3226,angry
32268,neutral
32278,disgust
32279,fear
32281,angry
32296,angry
32297,neutral
32298,angry
32308,happy
32315,surprise
32321,neutral
32323,surprise
32324,surprise
32330,angry
32334,surprise
32336,angry
32344,happy
32349,fear
3235,angry
32351,angry
32352,angry
32354,surprise
32355,happy
32360,neutral
32365,surprise
32367,sad
32371,sad
32372,happy
32377,happy
32382,neutral
32383,neutral
32388,happy
32391,neutral
32394,sad
32395,surprise
32402,happy
32405,surprise
32420,surprise
32422,sad
32432,surprise
32438,sad
32439,happy
32443,neutral
32445,neutral
3245,neutral
32454,fear
32461,surprise
32463,neutral
32464,sad
32467,neutral
3247,fear
32473,angry
32479,neutral
3248,angry
32481,angry
32485,angry
32487,surprise
325,happy
3250,happy
32506,sad
32507,fear
32508,neutral
32510,surprise
32512,angry
32516,neutral
32530,fear
32541,happy
32544,happy
32547,neutral
32551,fear
32565,sad
32568,happy
32569,fear
32570,surprise
32574,happy
32575,neutral
32580,sad
32582,neutral
32584,angry
32587,angry
32595,happy
3260,fear
32605,happy
32607,happy
32613,sad
32614,happy
32617,sad
32619,neutral
32623,fear
32624,happy
32627,happy
3263,sad
32630,surprise
32636,neutral
32642,fear
32662,happy
32671,neutral
32681,disgust
32682,neutral
32683,happy
32684,angry
32688,neutral
3269,surprise
32692,sad
32695,sad
32696,fear
32711,sad
32725,happy
32727,surprise
32730,neutral
32734,surprise
32744,sad
32753,fear
32755,angry
32756,surprise
32758,fear
3276,happy
32763,happy
32766,sad
32768,sad
32769,happy
32773,happy
32777,angry
32778,sad
3278,happy
32782,neutral
32792,neutral
32796,happy
32799,sad
32814,sad
32817,neutral
32818,neutral
32826,happy
32829,sad
32835,happy
32836,neutral
32837,happy
32838,happy
32843,sad
32849,angry
32855,angry
32859,happy
32861,sad
32870,neutral
32876,angry
32879,surprise
32889,angry
32894,happy
32898,happy
32903,neutral
32905,sad
32911,sad
32913,happy
32914,neutral
32917,happy
32931,angry
32932,sad
32935,happy
32939,neutral
32940,surprise
32941,neutral
32946,angry
32950,happy
32952,happy
32953,happy
32958,happy
3296,fear
32965,sad
32968,surprise
3297,sad
32972,angry
32973,happy
32978,sad
32979,surprise
32982,sad
32993,happy
32996,fear
32997,happy
32998,happy
330,surprise
33005,neutral
33007,angry
33013,happy
33015,sad
33016,happy
33017,happy
33022,neutral
33024,happy
3303,angry
33031,angry
33039,angry
33046,happy
33049,neutral
33051,fear
33052,neutral
33055,surprise
33065,happy
33066,sad
33071,happy
33072,surprise
33079,surprise
33084,happy
33089,sad
33091,happy
33094,happy
33097,fear
331,happy
33100,neutral
33105,angry
33124,neutral
3313,happy
33131,angry
3314,fear
33144,happy
33147,surprise
33152,sad
33159,sad
33174,happy
33175,happy
3318,fear
33180,surprise
33182,neutral
33188,happy
33209,angry
33212,happy
33213,neutral
33215,fear
33216,happy
33219,sad
33221,angry
33227,fear
33228,happy
33231,neutral
33240,happy
33243,happy
33247,sad
33255,neutral
33258,sad
33268,angry
3327,sad
33276,neutral
33283,happy
33284,angry
33290,surprise
33295,angry
33299,fear
333,happy
33301,happy
33302,happy
33308,angry
33316,surprise
33317,neutral
33319,happy
33320,happy
33322,happy
33326,surprise
33329,surprise
33331,happy
3334,sad
33343,happy
33346,neutral
33352,angry
33357,happy
33358,angry
33364,surprise
33366,happy
33371,neutral
33373,sad
33375,happy
33376,surprise
33378,fear
33381,happy
33390,sad
33399,angry
33405,neutral
33407,happy
33410,angry
33411,surprise
33419,surprise
33421,neutral
33423,happy
33440,fear
33444,sad
33450,happy
33452,neutral
33455,angry
33459,angry
33460,happy
33463,happy
33468,neutral
33471,neutral
33490,neutral
33492,sad
33494,angry
33514,neutral
33516,sad
33518,happy
33519,disgust
33523,sad
33525,happy
33526,neutral
33530,happy
33533,happy
33535,angry
33538,happy
3354,surprise
33544,happy
33548,fear
33559,angry
33560,neutral
33561,disgust
33564,happy
33573,neutral
33587,fear
336,fear
33608,fear
33609,sad
33610,happy
33617,sad
33628,sad
33633,angry
33636,angry
33640,sad
33642,neutral
33644,surprise
33648,angry
33660,happy
33666,angry
33667,surprise
33670,angry
33673,surprise
33674,neutral
33675,happy
33677,fear
33686,sad
33690,happy
33691,neutral
33693,sad
33699,neutral
3370,angry
33701,fear
33710,neutral
33718,sad
33727,happy
33729,angry
33736,sad
33745,surprise
33747,happy
3375,neutral
33757,happy
33759,surprise
33762,angry
3377,neutral
3378,sad
33780,sad
33785,neutral
33786,neutral
33789,surprise
33794,neutral
338,neutral
33800,neutral
33802,happy
33806,neutral
33807,neutral
33809,angry
33813,sad
33819,neutral
3382,sad
33820,sad
33829,angry
33842,happy
33853,happy
33855,sad
33856,angry
33858,neutral
33863,sad
33865,neutral
33870,happy
33874,happy
33879,surprise
33880,neutral
33890,angry
33894,sad
3391,fear
33915,happy
33917,happy
33919,fear
3392,surprise
33924,angry
33926,angry
3393,neutral
33933,happy
33935,angry
33936,neutral
33938,happy
33940,fear
3395,sad
33962,sad
33965,neutral
33977,happy
33981,happy
33987,sad
33988,angry
33993,surprise
33995,disgust
33997,surprise
33998,angry
33999,happy
340,fear
34004,angry
34015,happy
3402,sad
34022,angry
34024,surprise
3403,neutral
34034,surprise
34036,angry
34037,neutral
34039,surprise
3404,neutral
34040,sad
34049,happy
34057,happy
34059,sad
34063,neutral
34070,fear
34072,surprise
34087,angry
34088,fear
3409,happy
34093,neutral
34097,sad
34098,happy
341,fear
3410,angry
34100,happy
34102,happy
3411,sad
34117,neutral
34119,happy
3412,angry
34120,sad
34121,sad
34129,happy
34131,sad
34134,happy
34138,angry
3414,happy
34143,angry
34151,angry
34161,neutral
34162,surprise
34170,happy
34175,happy
34176,sad
34178,angry
34184,angry
34195,neutral
34201,fear
34205,fear
34212,surprise
34219,happy
3422,happy
34226,happy
3423,surprise
34234,happy
34237,surprise
34238,angry
34242,neutral
34244,happy
34250,sad
34252,fear
34257,happy
34259,fear
34269,happy
34272,neutral
34277,neutral
34279,neutral
34288,fear
34295,happy
34302,happy
34308,neutral
3431,happy
34316,happy
34324,neutral
34325,fear
3433,neutral
34335,neutral
34352,sad
34356,surprise
34359,angry
34361,happy
34363,neutral
34375,happy
34382,fear
34385,surprise
34386,happy
34387,neutral
34396,angry
34397,happy
34400,surprise
34408,sad
34412,happy
34413,neutral
34415,angry
34416,happy
34427,angry
34432,angry
34435,happy
34437,happy
34439,fear
34448,sad
3445,surprise
34462,fear
34464,happy
34465,fear
34468,happy
3447,angry
34471,happy
34474,angry
34477,sad
34483,happy
3449,angry
34498,happy
34505,disgust
34507,sad
34509,surprise
34510,neutral
34513,neutral
34519,angry
3452,happy
34522,happy
34526,neutral
34530,neutral
34533,neutral
34539,neutral
34545,angry
34546,surprise
34555,sad
34557,surprise
34567,happy
34569,happy
34581,angry
34585,neutral
34592,fear
34596,fear
34598,sad
34599,happy
34600,happy
34605,sad
34610,neutral
34612,neutral
34613,neutral
34620,angry
34629,angry
34633,angry
34644,happy
34645,happy
34649,happy
3465,happy
34656,fear
34659,fear
34664,surprise
3467,angry
34673,neutral
34674,surprise
34675,fear
34679,sad
34685,neutral
34688,happy
34694,angry
34714,angry
3472,neutral
34720,happy
34722,surprise
34724,happy
34730,angry
34737,happy
34753,happy
34755,surprise
34756,happy
34759,happy
34761,happy
34768,happy
3477,neutral
34772,happy
34778,angry
34787,fear
34788,sad
34798,fear
34799,neutral
34813,surprise
34820,sad
34827,sad
34829,happy
34836,happy
34840,happy
34841,happy
34844,surprise
34854,neutral
34861,happy
34870,neutral
34875,neutral
34878,surprise
34879,fear
34897,neutral
34904,surprise
34905,sad
34913,sad
34917,sad
3492,angry
34920,neutral
34926,surprise
34941,happy
34945,sad
34965,happy
34968,sad
34969,happy
34972,neutral
34978,fear
34979,neutral
34984,angry
34985,neutral
34986,surprise
34988,sad
34991,angry
350,sad
35009,angry
35010,neutral
3502,angry
35022,fear
35028,neutral
35030,neutral
35034,neutral
35039,neutral
35041,angry
35043,sad
35049,surprise
35058,sad
35059,angry
3506,sad
35063,surprise
35075,neutral
3508,sad
35083,surprise
35084,neutral
35101,happy
35108,neutral
35116,fear
35117,happy
35118,surprise
35120,sad
35121,surprise
35129,neutral
35131,sad
35142,happy
35144,surprise
35145,neutral
35148,sad
35149,angry
35151,surprise
35153,happy
35154,surprise
35156,angry
35162,happy
35163,neutral
35177,happy
3518,sad
35183,angry
35192,sad
35194,surprise
35199,happy
35200,happy
35201,surprise
35202,neutral
35207,angry
35209,happy
3521,fear
35210,angry
35212,surprise
35214,neutral
35216,neutral
3522,neutral
35226,neutral
35229,neutral
35230,fear
35237,surprise
35238,surprise
35241,neutral
35250,sad
35255,neutral
35257,sad
35261,angry
35267,angry
35276,surprise
35279,sad
35291,happy
35297,neutral
35298,happy
35318,sad
35321,happy
35322,sad
35332,angry
35334,fear
35341,sad
35346,happy
3535,angry
35355,fear
35356,neutral
35362,sad
35363,happy
35364,happy
35369,neutral
3537,neutral
35370,happy
35372,happy
35375,sad
35376,angry
3538,happy
35384,surprise
35386,sad
35387,surprise
35394,neutral
35399,neutral
35400,neutral
35407,angry
35408,neutral
35410,sad
35411,neutral
35425,angry
35427,fear
3543,happy
35439,angry
35447,sad
35453,fear
35454,sad
3546,neutral
35481,happy
35484,neutral
35497,happy
35511,surprise
35514,angry
35520,neutral
35524,surprise
35528,fear
35530,happy
35536,happy
35541,angry
35546,neutral
35547,happy
35552,sad
35559,happy
35567,sad
35576,neutral
3558,angry
35580,angry
35582,happy
35592,happy
35598,happy
356,neutral
35603,happy
35605,neutral
35608,neutral
35615,fear
35628,neutral
35629,fear
35639,neutral
3564,angry
35644,happy
3565,angry
35657,sad
35659,sad
3566,neutral
35664,happy
35669,neutral
35677,happy
35681,angry
35682,angry
35684,surprise
35685,happy
35688,fear
35691,sad
35697,fear
35698,happy
3570,happy
35704,neutral
35707,happy
35709,angry
35721,happy
35724,happy
35731,sad
35737,happy
3574,neutral
3575,sad
35753,sad
35754,neutral
35755,neutral
35757,fear
35764,neutral
35767,happy
35768,fear
35771,happy
35775,neutral
35787,neutral
35790,surprise
35792,happy
35794,happy
35802,sad
35804,happy
35805,angry
35809,angry
35812,neutral
35820,angry
35823,neutral
35828,angry
35833,surprise
3584,fear
35850,happy
35851,neutral
35852,neutral
35856,happy
35857,surprise
35860,happy
35869,happy
35872,neutral
35873,fear
35881,angry
35884,angry
359,sad
3590,happy
3599,fear
3600,sad
3601,surprise
3603,surprise
3607,fear
3610,sad
3632,neutral
3634,neutral
3635,surprise
3645,fear
3647,neutral
365,angry
3653,sad
366,happy
3661,neutral
3662,happy
3663,happy
3675,surprise
3690,fear
3691,surprise
370,happy
3700,neutral
3709,fear
3714,neutral
3719,fear
3722,angry
3729,neutral
3731,angry
3736,neutral
3739,fear
3742,neutral
3755,surprise
3756,fear
3763,happy
3765,surprise
3766,neutral
3767,sad
377,sad
3772,happy
3778,disgust
3783,neutral
3785,neutral
3792,fear
3795,neutral
38,angry
3802,angry
3811,happy
3818,happy
3819,neutral
3825,neutral
3836,sad
3837,sad
3839,sad
3842,happy
3855,neutral
3858,surprise
3862,neutral
3869,sad
3870,neutral
3874,happy
3875,happy
3878,happy
3891,happy
3899,neutral
3906,angry
3909,neutral
3913,sad
3922,sad
3925,surprise
3929,neutral
3932,angry
3951,sad
3953,sad
3958,angry
3959,neutral
3969,happy
3972,angry
3977,fear
3978,happy
3982,happy
3985,happy
3986,neutral
3988,sad
4002,sad
4004,disgust
4015,angry
4029,happy
4033,surprise
4036,surprise
404,sad
4040,fear
4041,happy
405,neutral
4060,neutral
4062,neutral
4064,sad
4072,angry
4076,surprise
4077,angry
4080,neutral
4084,happy
4086,surprise
4090,happy
4094,happy
4098,angry
41,happy
4100,angry
4107,happy
4114,angry
4124,neutral
413,surprise
4130,sad
4133,happy
4137,neutral
414,fear
4156,angry
4159,happy
4165,happy
4169,surprise
4174,surprise
418,fear
4182,happy
4185,happy
4194,sad
4196,sad
4199,fear
4200,fear
4207,sad
4217,sad
422,sad
4223,neutral
4226,neutral
4229,happy
4233,neutral
4234,neutral
4242,neutral
4243,surprise
4248,happy
4264,happy
4265,fear
4269,happy
4274,fear
4284,happy
4289,happy
4295,neutral
4296,sad
4306,angry
4308,fear
4312,angry
4314,neutral
4316,neutral
4317,neutral
4324,angry
4328,neutral
4339,neutral
4340,surprise
4345,happy
4347,surprise
4349,angry
435,surprise
4352,sad
4363,happy
4366,happy
4372,neutral
438,surprise
4380,neutral
4381,fear
4384,angry
4389,neutral
4390,surprise
4394,neutral
4396,angry
4397,sad
44,neutral
440,happy
4411,fear
4412,happy
4415,neutral
4431,surprise
4433,happy
4441,sad
4443,neutral
4449,neutral
4453,fear
4459,neutral
446,happy
4468,angry
4480,happy
4481,disgust
4482,sad
4485,happy
4486,angry
449,neutral
4492,happy
4502,angry
4506,happy
4513,surprise
4516,fear
452,happy
4523,fear
4526,happy
4534,neutral
4536,surprise
454,sad
4540,fear
4547,angry
4549,happy
4552,angry
4553,neutral
4558,happy
4563,neutral
4570,happy
4572,sad
4573,neutral
4574,angry
4576,happy
4579,angry
4580,happy
4589,happy
4594,neutral
4596,sad
460,fear
4606,happy
4607,happy
4615,neutral
4616,angry
4620,happy
4621,surprise
4624,sad
4634,happy
4636,surprise
4637,neutral
4640,happy
4649,happy
4650,surprise
4653,happy
4657,happy
4660,neutral
4665,angry
4666,neutral
4670,sad
4672,neutral
4685,angry
4697,sad
4698,surprise
4700,neutral
4714,sad
4734,neutral
4736,surprise
4737,disgust
4748,neutral
4751,fear
4752,sad
4764,sad
4770,neutral
4771,sad
4777,fear
478,neutral
4786,happy
4791,happy
4793,fear
4797,happy
4802,neutral
4803,happy
4807,angry
4811,sad
4814,happy
4821,angry
4825,neutral
4827,happy
4829,neutral
483,sad
4832,happy
4849,neutral
485,happy
4858,fear
4860,sad
4868,neutral
487,happy
4870,surprise
4878,angry
4883,neutral
4888,sad
4895,surprise
4901,neutral
4910,happy
4912,surprise
4917,neutral
4935,neutral
4937,sad
4940,sad
4948,angry
4951,angry
4953,angry
4958,happy
4975,surprise
4979,sad
4980,happy
4986,fear
4987,neutral
4988,happy
4996,happy
4998,neutral
500,sad
5004,sad
5006,happy
5008,happy
5010,angry
5023,surprise
5037,surprise
504,sad
5046,neutral
5048,happy
505,sad
5053,neutral
5055,angry
5056,sad
5058,neutral
5060,angry
5061,neutral
5062,happy
5064,neutral
507,surprise
5073,neutral
5074,neutral
5077,angry
508,neutral
5085,angry
5087,neutral
5089,happy
5097,happy
51,fear
5100,neutral
5101,sad
5102,happy
5107,happy
5110,happy
5116,neutral
5117,angry
5127,happy
5138,surprise
5147,neutral
5154,happy
5166,sad
5170,neutral
5176,happy
5177,sad
5178,surprise
518,surprise
5184,fear
5186,neutral
5209,happy
521,neutral
5220,angry
5222,surprise
5224,sad
5229,fear
5233,angry
5244,angry
5253,surprise
5258,neutral
5259,neutral
5263,fear
5264,happy
5267,happy
5269,happy
527,happy
5278,happy
5279,happy
5283,sad
5289,happy
5293,neutral
5303,happy
531,happy
5310,surprise
5312,sad
5317,angry
5318,happy
5323,neutral
533,happy
5340,happy
5345,neutral
5356,happy
5360,fear
5361,sad
5374,neutral
5375,surprise
538,fear
5385,sad
5400,angry
541,neutral
5417,happy
5419,fear
542,neutral
5422,surprise
5432,sad
5434,angry
5435,neutral
5444,happy
5445,happy
5446,neutral
5449,neutral
5450,surprise
5452,happy
5459,angry
546,neutral
5466,neutral
5468,happy
547,neutral
5472,sad
5477,happy
5490,happy
5493,happy
551,neutral
5513,surprise
5514,neutral
5519,angry
5523,happy
5527,neutral
553,happy
5530,surprise
5536,neutral
5548,happy
5549,neutral
5558,happy
5560,neutral
5561,neutral
5564,angry
5567,sad
5570,angry
5582,neutral
5591,neutral
5594,happy
5595,surprise
5607,neutral
5610,neutral
5618,happy
5622,fear
5629,neutral
5636,surprise
5637,angry
5638,fear
5642,neutral
5651,neutral
5654,sad
5664,surprise
5674,happy
568,happy
5687,neutral
5689,sad
5694,happy
5695,neutral
5705,happy
5706,fear
5708,neutral
5710,happy
5713,neutral
5714,happy
5715,neutral
5717,neutral
5719,happy
5724,neutral
573,disgust
5732,angry
5736,fear
5739,neutral
5748,neutral
5749,neutral
5753,happy
5766,neutral
5771,surprise
5778,fear
5780,angry
5783,happy
5784,neutral
5792,neutral
5797,happy
580,sad
5800,happy
5807,happy
5809,happy
5810,angry
5811,neutral
5812,happy
5822,angry
5831,neutral
5835,happy
5836,neutral
584,happy
5853,sad
5855,fear
5857,happy
5858,sad
5859,sad
5865,neutral
5883,neutral
5888,sad
589,happy
5891,happy
5893,fear
5902,angry
5904,happy
5910,sad
5912,fear
5919,happy
5931,sad
5938,surprise
594,happy
5942,happy
5943,surprise
5953,sad
5954,happy
5957,angry
596,neutral
5961,fear
5962,happy
5968,surprise
5976,neutral
5977,happy
5984,neutral
5988,neutral
5989,sad
5992,neutral
5995,disgust
5997,surprise
60,neutral
6009,angry
601,sad
6017,neutral
6025,sad
6029,happy
6033,sad
6035,neutral
6037,fear
6045,happy
6046,surprise
6050,surprise
6052,happy
6054,sad
6059,neutral
6062,angry
6064,angry
6075,angry
6078,neutral
608,sad
6088,angry
6091,fear
6095,happy
6103,neutral
6106,sad
6109,sad
6110,happy
6119,angry
6123,happy
6129,angry
613,happy
6136,sad
6137,sad
6149,sad
615,sad
6152,neutral
6153,neutral
6155,surprise
6158,neutral
6167,surprise
6169,happy
6175,happy
6176,angry
6179,fear
6180,neutral
6183,happy
6184,surprise
6187,sad
6193,neutral
62,happy
620,happy
6206,happy
6214,fear
6215,neutral
6216,surprise
6217,happy
6219,surprise
6225,fear
6231,angry
6232,angry
6236,neutral
624,angry
6246,happy
6247,surprise
6265,angry
6272,happy
6274,angry
6278,angry
628,neutral
6283,angry
629,happy
6304,sad
6309,surprise
6311,sad
6312,sad
6321,neutral
633,angry
6343,neutral
6345,neutral
6346,happy
6347,angry
6351,neutral
6353,neutral
6360,surprise
6364,angry
6365,neutral
6366,surprise
6368,happy
6375,angry
6378,happy
6388,neutral
639,happy
6390,fear
6394,happy
6397,sad
6400,neutral
6403,happy
6410,fear
6412,neutral
6415,fear
6416,happy
6420,angry
6425,surprise
6426,neutral
6427,surprise
644,neutral
6444,happy
6449,sad
6457,happy
6459,sad
6467,sad
6469,happy
647,angry
6471,fear
6473,happy
6484,angry
649,neutral
6492,angry
6495,fear
65,angry
6500,happy
6502,neutral
651,neutral
6515,fear
6518,surprise
6521,angry
6522,happy
6527,neutral
6529,angry
6532,neutral
654,angry
6547,sad
655,happy
6551,sad
6555,neutral
6557,neutral
6561,angry
6563,disgust
6566,angry
657,happy
6577,happy
6580,angry
6581,angry
6584,fear
659,happy
6598,surprise
6599,neutral
6603,surprise
6608,fear
6616,neutral
6618,angry
662,neutral
6621,sad
6645,sad
6647,surprise
665,angry
6652,angry
6660,sad
6664,neutral
6677,angry
6686,happy
6689,happy
6691,happy
670,surprise
6700,happy
6703,happy
6710,sad
6711,happy
6716,fear
6720,neutral
6726,angry
673,neutral
6732,angry
6735,sad
6739,neutral
674,happy
6744,neutral
6745,sad
6747,fear
675,surprise
6759,happy
676,neutral
6766,fear
6771,sad
6776,happy
6784,happy
6792,fear
6797,angry
680,neutral
6808,fear
6809,sad
681,happy
6811,happy
6813,neutral
6814,sad
6818,happy
6833,sad
6836,neutral
6842,neutral
6860,sad
6865,happy
6869,neutral
6876,sad
6877,surprise
688,fear
689,fear
6890,sad
6891,neutral
6897,sad
690,happy
6901,neutral
6902,neutral
6904,sad
6909,fear
6914,happy
6915,fear
692,surprise
6923,angry
6926,angry
6928,surprise
693,neutral
6930,fear
6934,sad
6935,happy
6955,angry
6957,angry
6960,sad
6964,sad
6965,angry
6966,surprise
6973,fear
6977,happy
6988,fear
6989,happy
70,sad
7008,neutral
7009,neutral
7015,angry
7017,happy
7020,happy
7024,angry
7026,happy
7027,sad
7029,happy
7030,fear
7032,happy
7037,sad
7038,fear
7039,angry
7056,angry
7065,happy
7068,angry
7077,angry
7080,happy
7092,happy
7100,happy
7102,neutral
7103,neutral
7110,neutral
7116,happy
7119,fear
712,sad
7121,sad
7129,angry
7131,neutral
7136,angry
7146,happy
7150,fear
7153,surprise
7158,sad
7159,happy
7162,happy
7165,sad
7174,angry
7182,surprise
7191,happy
7192,angry
7198,neutral
7200,happy
7203,surprise
721,happy
7211,surprise
7219,angry
7220,neutral
7232,surprise
7239,neutral
7244,happy
7245,happy
7253,sad
7254,neutral
7257,angry
726,sad
7261,neutral
7268,neutral
727,sad
7270,sad
7271,sad
7273,angry
7274,neutral
7275,angry
7284,angry
7287,sad
729,sad
7291,neutral
7292,sad
7299,happy
73,fear
7301,happy
7302,surprise
7305,fear
7333,happy
7335,happy
7337,sad
7348,neutral
7350,surprise
7361,angry
7366,happy
7371,fear
7376,neutral
7379,happy
738,sad
7392,happy
7394,neutral
7398,neutral
7400,sad
7405,fear
7406,neutral
7409,angry
741,neutral
7413,happy
7425,fear
7430,sad
7441,happy
7455,disgust
7459,surprise
7462,neutral
7466,neutral
7475,neutral
7490,neutral
7492,disgust
7502,sad
7511,happy
7512,fear
7517,fear
7531,happy
7532,happy
7536,sad
7537,angry
7542,angry
7548,happy
7550,happy
7551,neutral
7559,sad
7561,happy
7562,surprise
7566,sad
7569,neutral
7571,neutral
7580,neutral
7582,surprise
7588,neutral
7589,happy
759,angry
7590,happy
7592,angry
7599,neutral
7603,happy
761,sad
7618,sad
7623,angry
7626,surprise
7630,neutral
764,neutral
7655,fear
7659,angry
766,angry
7664,happy
7668,angry
767,neutral
7672,happy
7674,happy
7675,fear
7679,sad
7680,happy
7681,fear
7684,neutral
7700,happy
7702,happy
7712,happy
7713,happy
7717,neutral
7724,happy
7729,happy
7737,happy
774,happy
7748,angry
7749,fear
7753,happy
7755,neutral
7756,fear
7761,fear
7762,happy
7765,neutral
7772,neutral
7773,neutral
7774,happy
7776,surprise
7777,angry
7786,fear
7788,sad
7793,sad
78,surprise
7804,happy
7806,happy
7811,sad
7813,happy
7815,happy
7819,sad
7823,fear
7827,happy
783,angry
7831,neutral
7835,disgust
7845,happy
7846,neutral
7848,sad
7865,surprise
7871,happy
7874,surprise
7875,angry
7877,neutral
7878,neutral
788,happy
7881,happy
7886,neutral
7892,happy
7894,sad
7903,neutral
7905,neutral
7916,happy
7919,sad
7926,surprise
7932,neutral
7937,neutral
794,neutral
7943,sad
7948,neutral
7953,angry
7957,surprise
7962,angry
7963,disgust
7975,happy
7976,sad
7979,angry
798,neutral
7980,angry
7986,happy
8,happy
80,happy
800,neutral
8000,angry
8001,angry
8003,happy
8016,surprise
8020,happy
8021,surprise
8027,happy
8034,happy
8035,surprise
8039,sad
8040,fear
8042,surprise
8043,sad
8049,happy
8052,angry
8054,neutral
8056,sad
8063,surprise
8065,happy
8067,angry
807,neutral
8076,neutral
8082,happy
8083,neutral
8086,angry
8089,happy
8096,angry
8098,angry
8099,neutral
8102,neutral
8103,neutral
8105,neutral
8115,surprise
8119,fear
8130,angry
8137,surprise
8141,neutral
8143,surprise
8146,neutral
8151,angry
816,sad
8163,neutral
8164,sad
817,happy
8173,surprise
8177,happy
8178,sad
8179,neutral
8188,happy
8197,sad
8203,sad
8211,neutral
8216,fear
822,fear
8223,sad
8228,happy
8233,neutral
8238,sad
8239,fear
8240,angry
8247,neutral
8252,sad
8262,happy
8264,neutral
8266,sad
8267,neutral
8268,happy
8275,angry
8276,happy
8280,neutral
8284,happy
8293,angry
8295,sad
8299,angry
8301,happy
8303,happy
8309,happy
8316,happy
8322,happy
8329,surprise
8331,happy
8333,sad
8334,happy
8338,happy
8347,happy
8350,fear
8352,sad
8355,happy
8373,sad
838,neutral
8389,neutral
8390,neutral
8392,neutral
8402,neutral
8404,surprise
841,neutral
8410,happy
8415,angry
842,sad
8421,surprise
8424,happy
843,fear
8430,sad
8433,angry
8434,happy
8439,surprise
8449,happy
8454,sad
8457,happy
8471,sad
8473,happy
8474,angry
8478,happy
8481,neutral
8483,neutral
8489,fear
8498,neutral
85,neutral
8516,neutral
8525,neutral
8536,neutral
8539,happy
854,angry
8548,happy
855,neutral
8555,neutral
8556,happy
8559,happy
856,happy
8580,angry
8581,fear
8585,disgust
859,fear
8593,fear
8599,neutral
861,angry
8611,fear
8614,sad
8637,fear
8639,sad
8645,surprise
8649,happy
8657,happy
8659,sad
8661,fear
8662,happy
867,fear
8672,fear
8677,happy
8682,happy
8685,angry
8687,neutral
8691,surprise
8694,sad
8702,neutral
8704,happy
8718,sad
8719,sad
872,fear
8724,neutral
8726,disgust
873,happy
8734,angry
8736,surprise
8738,fear
8753,happy
8754,happy
8756,neutral
8761,sad
8762,happy
8763,fear
8768,happy
8782,sad
8788,angry
8795,happy
8797,sad
880,angry
8802,neutral
8814,neutral
8818,surprise
8820,happy
8834,neutral
8837,fear
8842,neutral
8851,happy
886,fear
8861,happy
8862,sad
8863,sad
8864,happy
8868,neutral
8876,sad
8880,happy
8886,happy
8892,angry
8893,disgust
8902,angry
891,sad
8915,happy
8916,angry
8919,neutral
8925,sad
8928,surprise
8940,happy
8946,neutral
8948,angry
895,neutral
8953,sad
8955,sad
8958,sad
8960,happy
8969,angry
897,happy
8973,surprise
8976,neutral
898,happy
8980,neutral
8993,happy
9005,happy
9006,neutral
9011,neutral
9012,angry
9016,neutral
9017,surprise
9021,angry
9028,sad
9037,surprise
9040,angry
9043,fear
9046,neutral
9050,neutral
9059,neutral
906,happy
9060,happy
9066,sad
9069,neutral
9070,happy
9071,happy
9073,sad
9082,sad
9085,happy
9087,sad
9094,happy
9099,neutral
9100,angry
9101,fear
911,angry
9118,surprise
9119,neutral
9128,neutral
913,angry
9141,surprise
9142,sad
9147,happy
9149,neutral
915,fear
9152,happy
9156,happy
9162,angry
9167,happy
917,neutral
9170,neutral
9171,neutral
9174,happy
9179,neutral
9180,happy
9202,happy
9205,fear
9206,happy
9209,sad
9219,sad
922,neutral
9221,neutral
9222,happy
9232,neutral
9235,neutral
9238,happy
9246,sad
9251,fear
9252,neutral
9261,fear
9266,angry
9267,neutral
9272,happy
9273,surprise
9276,neutral
9281,fear
9286,happy
9288,neutral
9292,neutral
9293,fear
9297,disgust
9302,sad
9309,surprise
9324,neutral
9327,neutral
9331,angry
9333,fear
9335,neutral
9338,angry
9355,sad
9356,neutral
9360,neutral
9367,surprise
9369,fear
9370,angry
9371,happy
9380,fear
9381,sad
9387,sad
9392,happy
9400,fear
9405,sad
9412,neutral
9415,neutral
9416,happy
942,happy
9420,neutral
9434,neutral
9437,happy
9442,happy
9450,surprise
9453,neutral
9454,sad
9457,neutral
9459,neutral
9460,disgust
9463,sad
9465,neutral
9467,neutral
947,fear
9473,neutral
9474,neutral
9476,happy
9477,neutral
9486,happy
949,sad
9498,happy
9499,surprise
9504,neutral
9507,neutral
9508,neutral
951,happy
9538,happy
9541,surprise
9542,happy
9543,neutral
9546,happy
9548,neutral
9560,surprise
9567,surprise
9570,happy
9571,happy
9598,happy
9599,happy
9602,angry
9605,neutral
9606,fear
9611,sad
9615,angry
9630,surprise
9640,happy
9644,neutral
966,angry
9681,surprise
9687,happy
9689,sad
9691,neutral
9693,sad
9698,neutral
9701,neutral
9712,neutral
9713,neutral
9715,angry
9718,happy
973,happy
9748,angry
9769,sad
977,sad
9773,neutral
9774,happy
9776,surprise
9785,angry
9786,angry
98,angry
9800,angry
9802,happy
9803,sad
9806,surprise
9811,neutral
9830,happy
9833,happy
9838,fear
9841,sad
9842,angry
9845,happy
9853,surprise
9862,neutral
9864,sad
9865,happy
9867,neutral
987,sad
9874,neutral
9878,happy
9884,angry
9885,sad
9889,neutral
9890,happy
9893,happy
9897,happy
9898,angry
9901,neutral
9923,neutral
993,surprise
9931,angry
9933,angry
9936,neutral
9975,happy
9977,happy
9979,happy
9982,happy
9984,neutral
9993,neutral
